"","Control","Ulcerative Colitis","MeanDecreaseAccuracy","MeanDecreaseGini","description","hmr","mar"
"1",0,0,0,0.00363765549652091,"Glycolysis / Gluconeogenesis","HMR_4355","MAR04355"
"2",0,0,0,0,"Glycolysis / Gluconeogenesis","HMR_4358","MAR04358"
"3",1.00167084494127,1.00167084494127,1.41885009625337,0.0156863575661302,"Glycolysis / Gluconeogenesis","HMR_4363","MAR04363"
"4",-0.893068743635403,-1.79501120005461,-2.03643505259206,0.098082421199456,"Glycolysis / Gluconeogenesis","HMR_4365","MAR04365"
"5",1.00167084494127,0,1.00167084494127,0.00435978288101647,"Glycolysis / Gluconeogenesis","HMR_4368","MAR04368"
"6",0,0,0,0,"Glycolysis / Gluconeogenesis","HMR_4371","MAR04371"
"7",-0.47157921211472,-1.40066751260695,-1.30071773677369,0.043815553961151,"Glycolysis / Gluconeogenesis","HMR_4373","MAR04373"
"8",1.3479837810619,0.351683715974088,1.08034085295974,0.0886677236632371,"Glycolysis / Gluconeogenesis","HMR_4375","MAR04375"
"9",1.67873753766746,0.486926852056429,1.4591201312109,0.0198302851432115,"Glycolysis / Gluconeogenesis","HMR_4381","MAR04381"
"10",1.00167084494127,-1.36378190870472,-0.836685419836008,0.0442443179610194,"Glycolysis / Gluconeogenesis","HMR_4391","MAR04391"
"11",0.0830464344159434,0.584554066976827,0.525705643548739,0.0380750860171835,"Glycolysis / Gluconeogenesis","HMR_4394","MAR04394"
"12",1.26829771287023,-1.00167084494127,0.507891295808164,0.00941287771514188,"Glycolysis / Gluconeogenesis","HMR_4396","MAR04396"
"13",2.07541718901267,1.11096330034342,2.06185011932011,0.370165686560985,"Galactose metabolism","HMR_3944","MAR03944"
"14",1.75314795929796,-1.27083436038675,0.317730306672137,0.216297904053976,"Galactose metabolism","HMR_4128","MAR04128"
"15",0.950150896883506,-0.0461193948161123,0.562307032409645,0.19395401323075,"Galactose metabolism","HMR_4130","MAR04130"
"16",1.49455479443045,0.81394392007606,1.63121657127747,0.176331760471557,"Galactose metabolism","HMR_8767","MAR08767"
"17",0,0,0,0,"Fructose and mannose metabolism","HMR_0454","MAR00454"
"18",0,0,0,0,"Pyruvate metabolism","HMR_4193","MAR04193"
"19",0,0,0,0,"Pentose phosphate pathway","HMR_4304","MAR04304"
"20",0,0,0,0,"Pentose phosphate pathway","HMR_4350","MAR04350"
"21",-1.38237913410475,0,-1.41846969466438,0.00362126094195878,"Pentose phosphate pathway","HMR_4352","MAR04352"
"22",1.73309726467116,-0.380464449701542,1.27250697599461,0.074193288850084,"Pentose phosphate pathway","HMR_4354","MAR04354"
"23",1.96514245279869,-0.79217995400403,0.610842323676591,0.120839931346832,"Pentose phosphate pathway","HMR_4404","MAR04404"
"24",1.19142645153619,0.177530977503245,1.52838692134732,0.109492657864895,"Pentose phosphate pathway","HMR_4477","MAR04477"
"25",0.944240206855721,0.00590229958853411,0.911450323111018,0.0350312278142931,"Pentose phosphate pathway","HMR_4501","MAR04501"
"26",2.16440308681526,-0.779105843340134,1.92680854828776,0.0997569132889438,"Pentose phosphate pathway","HMR_4565","MAR04565"
"27",0,0,0,0.00291704157634636,"Pentose phosphate pathway","HMR_4567","MAR04567"
"28",0,0,0,0,"Pentose phosphate pathway","HMR_8653","MAR08653"
"29",-1.00167084494127,0,-1.00167084494127,0.00431026644971202,"Purine metabolism","HMR_4002","MAR04002"
"30",0,0,0,0,"Purine metabolism","HMR_4004","MAR04004"
"31",0,0,0,0,"Purine metabolism","HMR_4020","MAR04020"
"32",0,0,0,0,"Purine metabolism","HMR_4080","MAR04080"
"33",0,0,0,0,"Purine metabolism","HMR_4085","MAR04085"
"34",0,0,0,0,"Purine metabolism","HMR_4171","MAR04171"
"35",0,0,0,0,"Purine metabolism","HMR_4418","MAR04418"
"36",0,0,0,0.00217811363328536,"Purine metabolism","HMR_4421","MAR04421"
"37",0,0,0,0,"Purine metabolism","HMR_4452","MAR04452"
"38",0,0,0,0,"Purine metabolism","HMR_4480","MAR04480"
"39",0,0,0,1.80464465624179e-06,"Purine metabolism","HMR_4573","MAR04573"
"40",0,0,0,0,"Purine metabolism","HMR_4600","MAR04600"
"41",0,0,0,0,"Purine metabolism","HMR_4603","MAR04603"
"42",0,0,0,0,"Purine metabolism","HMR_4611","MAR04611"
"43",0,0,0,0,"Purine metabolism","HMR_4612","MAR04612"
"44",1.95219097394452,-0.708819907577139,0.775906444864832,0.111792063271586,"Purine metabolism","HMR_4651","MAR04651"
"45",0,0,0,0.0255657376973751,"Purine metabolism","HMR_4695","MAR04695"
"46",0,0,0,0,"Purine metabolism","HMR_5353","MAR05353"
"47",0,0,0,0,"Purine metabolism","HMR_4016","MAR04016"
"48",0,0,0,0,"Purine metabolism","HMR_4018","MAR04018"
"49",0,0,0,0.00145233845055337,"Purine metabolism","HMR_4044","MAR04044"
"50",0,0,0,0,"Purine metabolism","HMR_4291","MAR04291"
"51",0,0,0,0,"Purine metabolism","HMR_4420","MAR04420"
"52",0,0,0,0,"Purine metabolism","HMR_4570","MAR04570"
"53",0,0,0,0,"Pyrimidine metabolism","HMR_4006","MAR04006"
"54",0,0,0,0.000723585912486673,"Pyrimidine metabolism","HMR_4028","MAR04028"
"55",0,0,0,0,"Pyrimidine metabolism","HMR_4030","MAR04030"
"56",0,0,0,0,"Pyrimidine metabolism","HMR_4670","MAR04670"
"57",0,0,0,0,"Pyrimidine metabolism","HMR_6614","MAR06614"
"58",0,0,0,0,"Pyrimidine metabolism","HMR_6615","MAR06615"
"59",0,-1.00167084494127,-1.00167084494127,0.112333922168039,"Pyrimidine metabolism","HMR_4635","MAR04635"
"60",1.00167084494127,0,1.00167084494127,3.38698335222413e-06,"Pyrimidine metabolism","HMR_3931","MAR03931"
"61",0,0,0,0,"Pyrimidine metabolism","HMR_4032","MAR04032"
"62",0,0,0,0,"Pyrimidine metabolism","HMR_4182","MAR04182"
"63",0,0,0,0,"Pyrimidine metabolism","HMR_4194","MAR04194"
"64",0,0,0,0,"Pyrimidine metabolism","HMR_4512","MAR04512"
"65",1.00167084494127,1.00167084494127,1.00167084494127,0.010912991606107,"Pyrimidine metabolism","HMR_4577","MAR04577"
"66",0,0,0,0,"Pyrimidine metabolism","HMR_4575","MAR04575"
"67",0,0,0,0,"Pyrimidine metabolism","HMR_4637","MAR04637"
"68",0,0,0,0.000723585912486673,"Pyrimidine metabolism","HMR_4644","MAR04644"
"69",1.00167084494127,-1.00167084494127,0,0.0467964131371584,"Pyrimidine metabolism","HMR_6627","MAR06627"
"70",0,0,0,0,"Nucleotide metabolism","HMR_3967","MAR03967"
"71",0,0,0,0,"Nucleotide metabolism","HMR_4024","MAR04024"
"72",-1.00167084494127,0,-1.00167084494127,0.0370930292996554,"Nucleotide metabolism","HMR_4026","MAR04026"
"73",0,0,0,0,"Nucleotide metabolism","HMR_4054","MAR04054"
"74",0,0,0,0,"Nucleotide metabolism","HMR_4180","MAR04180"
"75",0,0,0,0.0122443417946368,"Nucleotide metabolism","HMR_4507","MAR04507"
"76",0,0,0,0,"Nucleotide metabolism","HMR_4633","MAR04633"
"77",0,0,0,0,"Nucleotide metabolism","HMR_7160","MAR07160"
"78",0,0,0,0,"Nucleotide metabolism","HMR_7162","MAR07162"
"79",1.00167084494127,-1.00167084494127,0,0.00145706226566062,"Nucleotide metabolism","HMR_7800","MAR07800"
"80",0,0,0,0,"Nucleotide metabolism","HMR_7886","MAR07886"
"81",0,0,0,0,"Nucleotide metabolism","HMR_8443","MAR08443"
"82",0,0,0,0,"Nucleotide metabolism","HMR_8448","MAR08448"
"83",0,0,0,0,"Nucleotide metabolism","HMR_8450","MAR08450"
"84",0,0,0,0.000723585912486673,"Nucleotide metabolism","HMR_8456","MAR08456"
"85",0,0,0,0,"Nucleotide metabolism","HMR_8461","MAR08461"
"86",0,0,0,0,"Nucleotide metabolism","HMR_8463","MAR08463"
"87",-1.00167084494127,0,-1.00167084494127,0.00145946723729963,"Nucleotide metabolism","HMR_8465","MAR08465"
"88",0,0,0,0,"Nucleotide metabolism","HMR_8467","MAR08467"
"89",0,0,0,0,"Nucleotide metabolism","HMR_8469","MAR08469"
"90",0.44736274127549,0.0202010034101065,0.474715344164964,0.0834625094702027,"Alanine, aspartate and glutamate metabolism","HMR_3802","MAR03802"
"91",0,0,0,0,"Alanine, aspartate and glutamate metabolism","HMR_3831","MAR03831"
"92",-1.00167084494127,0,-1.00167084494127,0.0593856756894408,"Alanine, aspartate and glutamate metabolism","HMR_3899","MAR03899"
"93",1.40852443795214,-0.0259258000639862,0.988350960048617,0.0143855337795049,"Arginine and proline metabolism","HMR_3956","MAR03956"
"94",0,0,0,0,"Arginine and proline metabolism","HMR_4190","MAR04190"
"95",0,0,0,0,"Arginine and proline metabolism","HMR_8607","MAR08607"
"96",0,-1.00167084494127,-1.00167084494127,0.00500994767232517,"Glycine, serine and threonine metabolism","HMR_3839","MAR03839"
"97",0,0,0,0,"Glycine, serine and threonine metabolism","HMR_3841","MAR03841"
"98",2.45271185784011,-0.282751229475606,1.6488297263487,0.514609370436524,"Glycine, serine and threonine metabolism","HMR_3845","MAR03845"
"99",0,0,0,0,"Glycine, serine and threonine metabolism","HMR_4198","MAR04198"
"100",0,0,0,0,"Histidine metabolism","HMR_4658","MAR04658"
"101",2.46375157827223,0.262014837806318,1.76477847795111,0.667395959450489,"Tryptophan metabolism","HMR_8566","MAR08566"
"102",1.00167084494127,1.41882766965184,1.74031560152895,0.0130469222055599,"Valine, leucine, and isoleucine metabolism","HMR_3208","MAR03208"
"103",-0.948312033466108,0.435685158355063,-0.174156662324305,0.0305467438598563,"Valine, leucine, and isoleucine metabolism","HMR_3213","MAR03213"
"104",-0.0333829247532356,-0.268379281809793,-0.147893500997112,0.0789677284204797,"Valine, leucine, and isoleucine metabolism","HMR_3215","MAR03215"
"105",0,0,0,4.47281942465831e-06,"Phenylalanine, tyrosine and tryptophan biosynthesis","HMR_6725","MAR06725"
"106",0,0,0,0,"Cysteine and methionine metabolism","HMR_3996","MAR03996"
"107",0,0,0,0.0434211347561268,"Cysteine and methionine metabolism","HMR_4323","MAR04323"
"108",0,0,0,0,"Cysteine and methionine metabolism","HMR_5390","MAR05390"
"109",0,0,0,0.00218593394743436,"Cysteine and methionine metabolism","HMR_8682","MAR08682"
"110",0,0,0,0,"Glutathione metabolism","HMR_4116","MAR04116"
"111",0,0,0,0.0422197802197802,"Glutathione metabolism","HMR_4176","MAR04176"
"112",0,0,0,0,"Glutathione metabolism","HMR_4329","MAR04329"
"113",0,0,0,0.00633656812139675,"Amino sugar and nucleotide sugar metabolism","HMR_3988","MAR03988"
"114",1.00167084494127,0.0392686640005414,0.558904468346052,0.0982280665210569,"Amino sugar and nucleotide sugar metabolism","HMR_4158","MAR04158"
"115",2.36584226472113,1.15249098727892,2.10503977137444,0.250417150226084,"Amino sugar and nucleotide sugar metabolism","HMR_4159","MAR04159"
"116",1.6758388926867,-0.604063891006945,1.50391381581711,0.0961671630008824,"Amino sugar and nucleotide sugar metabolism","HMR_4524","MAR04524"
"117",0.807327182193421,1.38550676605736,1.40573979855242,0.134050139778846,"Amino sugar and nucleotide sugar metabolism","HMR_4527","MAR04527"
"118",1.92531381535765,0.50869606491514,1.7841522068578,0.17248030981699,"Amino sugar and nucleotide sugar metabolism","HMR_4631","MAR04631"
"119",1.27714426622806,1.25533338749412,1.89074023712532,0.0446124523245929,"Amino sugar and nucleotide sugar metabolism","HMR_8366","MAR08366"
"120",0,0,0,0,"Amino sugar and nucleotide sugar metabolism","HMR_8367","MAR08367"
"121",2.14253254842329,2.14059276212613,2.3129202643293,0.0987944956533921,"Amino sugar and nucleotide sugar metabolism","HMR_8368","MAR08368"
"122",0.837787631321527,-0.379559118867042,0.0408119547542055,0.032273693009975,"Amino sugar and nucleotide sugar metabolism","HMR_8373","MAR08373"
"123",3.58497342018713,0.644450980192409,2.8011021131016,0.403030313817156,"Amino sugar and nucleotide sugar metabolism","HMR_8375","MAR08375"
"124",0,0,0,0,"Aminoacyl-tRNA biosynthesis","HMR_5130","MAR05130"
"125",0,0,0,0,"Aminoacyl-tRNA biosynthesis","HMR_5131","MAR05131"
"126",0,0,0,0,"Aminoacyl-tRNA biosynthesis","HMR_5132","MAR05132"
"127",0,0,0,0,"Aminoacyl-tRNA biosynthesis","HMR_5133","MAR05133"
"128",0,0,0,0,"Aminoacyl-tRNA biosynthesis","HMR_5134","MAR05134"
"129",0,0,0,0,"Aminoacyl-tRNA biosynthesis","HMR_5135","MAR05135"
"130",0,0,0,0,"Aminoacyl-tRNA biosynthesis","HMR_5136","MAR05136"
"131",0,0,0,0,"Aminoacyl-tRNA biosynthesis","HMR_5137","MAR05137"
"132",0,0,0,0,"Aminoacyl-tRNA biosynthesis","HMR_5138","MAR05138"
"133",0,0,0,0,"Aminoacyl-tRNA biosynthesis","HMR_5139","MAR05139"
"134",0,0,0,0,"Aminoacyl-tRNA biosynthesis","HMR_5140","MAR05140"
"135",0,0,0,0,"Aminoacyl-tRNA biosynthesis","HMR_5141","MAR05141"
"136",0,0,0,0,"Aminoacyl-tRNA biosynthesis","HMR_5142","MAR05142"
"137",0,0,0,0,"Aminoacyl-tRNA biosynthesis","HMR_5143","MAR05143"
"138",0,0,0,0,"Aminoacyl-tRNA biosynthesis","HMR_5145","MAR05145"
"139",0,0,0,0,"Aminoacyl-tRNA biosynthesis","HMR_5146","MAR05146"
"140",0,0,0,0,"Aminoacyl-tRNA biosynthesis","HMR_5147","MAR05147"
"141",0,0,0,0,"Aminoacyl-tRNA biosynthesis","HMR_5148","MAR05148"
"142",0,0,0,0,"Aminoacyl-tRNA biosynthesis","HMR_5149","MAR05149"
"143",0,0,0,0,"Aminoacyl-tRNA biosynthesis","HMR_5150","MAR05150"
"144",0,0,0,0,"Miscellaneous","HMR_5407","MAR05407"
"145",0,0,0,0,"Tricarboxylic acid cycle and glyoxylate/dicarboxylate metabolism","HMR_0710","MAR00710"
"146",-1.41895130952121,0,-1.41885474863283,0.0260760275884179,"Tricarboxylic acid cycle and glyoxylate/dicarboxylate metabolism","HMR_4141","MAR04141"
"147",-1.3719335396259,-1.34568391204877,-1.90095886034502,0.0341672607432602,"Tricarboxylic acid cycle and glyoxylate/dicarboxylate metabolism","HMR_4145","MAR04145"
"148",0,0,0,0,"Tricarboxylic acid cycle and glyoxylate/dicarboxylate metabolism","HMR_4147","MAR04147"
"149",0.21142231802283,2.01267185664466,1.1283008719902,0.0483580647460237,"Tricarboxylic acid cycle and glyoxylate/dicarboxylate metabolism","HMR_4152","MAR04152"
"150",0,0,0,0,"Tricarboxylic acid cycle and glyoxylate/dicarboxylate metabolism","HMR_4408","MAR04408"
"151",1.00167084494127,0.450382650795025,1.24801897041208,0.0643263705907918,"Tricarboxylic acid cycle and glyoxylate/dicarboxylate metabolism","HMR_4410","MAR04410"
"152",-1.41895130952121,-0.572426023215862,-1.10590237973884,0.0313226822231269,"Tricarboxylic acid cycle and glyoxylate/dicarboxylate metabolism","HMR_4458","MAR04458"
"153",0,0,0,0.000724808893302888,"Tricarboxylic acid cycle and glyoxylate/dicarboxylate metabolism","HMR_4589","MAR04589"
"154",1.19628614951351,1.90938762798021,1.97921753060286,0.0159499443645911,"Tricarboxylic acid cycle and glyoxylate/dicarboxylate metabolism","HMR_4652","MAR04652"
"155",0,-1.00167084494127,-1.00167084494127,0.00426727239248767,"Tricarboxylic acid cycle and glyoxylate/dicarboxylate metabolism","HMR_5297","MAR05297"
"156",0.301557038500065,-0.841474613269135,-1.00167084494127,0.0412573592082283,"Oxidative phosphorylation","HMR_6911","MAR06911"
"157",1.67443671655784,-0.813429799332279,0.573229664915869,0.0116104898995674,"Oxidative phosphorylation","HMR_6912","MAR06912"
"158",0,0,0,0,"Oxidative phosphorylation","HMR_6914","MAR06914"
"159",1.55945159224441,0.896969798881789,1.5534869831952,0.036660212650851,"Oxidative phosphorylation","HMR_6916","MAR06916"
"160",1.58277474106587,0.442595570795539,1.51596015889876,0.0336978409515606,"Oxidative phosphorylation","HMR_6918","MAR06918"
"161",-0.209258758120058,1.92050691330494,1.4328559068792,0.0600133262828524,"Oxidative phosphorylation","HMR_6921","MAR06921"
"162",2.156386868797,-1.62239348365193,0.726676238646347,0.262789386742338,"ROS detoxification","HMR_3960","MAR03960"
"163",2.75164663592305,-2.32401573853568,-0.0849871754869213,0.502610418467213,"ROS detoxification","HMR_3980","MAR03980"
"164",0,-1.00167084494127,-1.00167084494127,0.000728153677087372,"ROS detoxification","HMR_3982","MAR03982"
"165",1.3719335396259,1.00167084494127,1.4179224448319,0.00290957590945737,"ROS detoxification","HMR_4767","MAR04767"
"166",0,0,0,0,"ROS detoxification","HMR_8409","MAR08409"
"167",0,0,0,0.00144717182497335,"ROS detoxification","HMR_8410","MAR08410"
"168",-1.59673888623705,-1.00167084494127,-1.6118063625648,0.00508004335716919,"Fatty acid activation (cytosolic)","HMR_0156","MAR00156"
"169",3.33421365556449,1.11822871979735,2.94155802929063,0.971933211575749,"Fatty acid activation (cytosolic)","HMR_0168","MAR00168"
"170",1.00167084494127,0,1.00167084494127,0.0424437999092522,"Fatty acid activation (cytosolic)","HMR_0174","MAR00174"
"171",5.06235393148938,2.52923655160507,4.70922012265442,0.584008894744472,"Fatty acid activation (cytosolic)","HMR_0353","MAR00353"
"172",-0.0978247578248198,-0.895608628969035,-0.820215024286356,0.0433756901709853,"Fatty acid activation (cytosolic)","HMR_0377","MAR00377"
"173",4.65262227563108,1.4074522548053,3.89109907156187,0.667804217154663,"Fatty acid activation (endoplasmic reticular)","HMR_2982","MAR02982"
"174",0,0,0,0.00216240383790819,"Carnitine shuttle (cytosolic)","HMR_2591","MAR02591"
"175",1.00167084494127,0,1.00167084494127,0.0127828314179367,"Carnitine shuttle (cytosolic)","HMR_2594","MAR02594"
"176",5.07514858684446,0.820619615624906,3.89750505902136,0.590713423316272,"Carnitine shuttle (cytosolic)","HMR_2714","MAR02714"
"177",-0.89098452721969,1.52906817066876,1.06644647052822,0.0599354931135308,"Carnitine shuttle (cytosolic)","HMR_2730","MAR02730"
"178",0,0,0,0,"Carnitine shuttle (mitochondrial)","HMR_2593","MAR02593"
"179",1.00167084494127,0,1.00167084494127,0.00218320442252621,"Carnitine shuttle (mitochondrial)","HMR_2655","MAR02655"
"180",0,0,0,5.72190333457456e-06,"Carnitine shuttle (mitochondrial)","HMR_2656","MAR02656"
"181",0,0,0,0,"Carnitine shuttle (mitochondrial)","HMR_2673","MAR02673"
"182",0,0,0,0,"Carnitine shuttle (mitochondrial)","HMR_2674","MAR02674"
"183",1.69105451493741,-1.05381544959785,-0.0759184179211026,0.0362068400596674,"Carnitine shuttle (mitochondrial)","HMR_2731","MAR02731"
"184",2.07568153109457,0.577761646089011,2.13514078506299,0.0576400398749041,"Carnitine shuttle (mitochondrial)","HMR_2732","MAR02732"
"185",1.00167084494127,-1.32962000458194,-1.41810279983403,0.0156086945362294,"Carnitine shuttle (mitochondrial)","HMR_2744","MAR02744"
"186",-1.00167084494127,-1.00167084494127,-1.00167084494127,0.00490256372964088,"Carnitine shuttle (mitochondrial)","HMR_2745","MAR02745"
"187",0,0,0,0.00212539184952982,"Carnitine shuttle (endoplasmic reticular)","HMR_2817","MAR02817"
"188",0,0,0,0,"Carnitine shuttle (endoplasmic reticular)","HMR_2819","MAR02819"
"189",5.64659348618183,3.41893660412972,5.30347146409954,1.12483583868366,"Carnitine shuttle (endoplasmic reticular)","HMR_2861","MAR02861"
"190",5.10517396718223,0.877703221425171,4.26738837133646,0.625774516845025,"Carnitine shuttle (endoplasmic reticular)","HMR_2862","MAR02862"
"191",1.92932277143667,1.77530770335125,2.27901387802925,0.339259296101448,"Acylglycerides metabolism","HMR_0670","MAR00670"
"192",2.0456095508557,1.8096890127518,1.99562445740233,0.169567876897557,"Acylglycerides metabolism","HMR_0681","MAR00681"
"193",0,0,0,0.00932714173680353,"Beta oxidation of even-chain fatty acids (mitochondrial)","HMR_3430","MAR03430"
"194",0,0,0,0,"Steroid metabolism","HMR_7942","MAR07942"
"195",0,0,0,0,"Steroid metabolism","HMR_7943","MAR07943"
"196",1.41474384189175,0,1.41891998573778,0.00145767787929287,"Sphingolipid metabolism","HMR_0736","MAR00736"
"197",1.56783427891112,1.72343097058577,2.0574923151149,0.0273408933986821,"Sphingolipid metabolism","HMR_0753","MAR00753"
"198",0,0,0,0,"Sphingolipid metabolism","HMR_0758","MAR00758"
"199",1.29102408691088,1.35694563933312,1.50747080922923,0.0237170559153045,"Sphingolipid metabolism","HMR_0762","MAR00762"
"200",2.205889931667,1.97719617147594,2.32593439058387,0.0654467936274317,"Sphingolipid metabolism","HMR_8219","MAR08219"
"201",0,0,0,0,"Glycerolipid metabolism","HMR_0453","MAR00453"
"202",0,0,0,0,"Glycerolipid metabolism","HMR_4390","MAR04390"
"203",1.00167084494127,1.00167084494127,1.00167084494127,4.62563998032313e-06,"Glycerophospholipid metabolism","HMR_0448","MAR00448"
"204",0,0,0,0.00794204806936638,"Glycerophospholipid metabolism","HMR_0479","MAR00479"
"205",0,0,0,0,"Glycerophospholipid metabolism","HMR_0579","MAR00579"
"206",0,0,0,0,"Glycerophospholipid metabolism","HMR_0580","MAR00580"
"207",0,0,0,0,"Glycerophospholipid metabolism","HMR_0581","MAR00581"
"208",0,0,0,0,"Glycerophospholipid metabolism","HMR_0586","MAR00586"
"209",0,0,0,0,"Glycerophospholipid metabolism","HMR_0598","MAR00598"
"210",1.51568323987438,1.33281831665142,1.89428164114967,0.0746551135314516,"Glycerophospholipid metabolism","HMR_0614","MAR00614"
"211",0,0,0,0,"Glycerophospholipid metabolism","HMR_0632","MAR00632"
"212",1.69478993259651,1.69969162564465,1.69926162432447,0.105095490363969,"Glycerophospholipid metabolism","HMR_0651","MAR00651"
"213",2.64605173136296,-0.706383009040707,1.90855136242722,0.209483454759281,"Glycosphingolipid biosynthesis-ganglio series","HMR_0819","MAR00819"
"214",1.31695766893367,1.64209058309523,1.38237553932925,0.178089322616337,"Glycosphingolipid biosynthesis-ganglio series","HMR_0821","MAR00821"
"215",1.93214474240357,-0.0939179275670678,1.9097014561116,0.0600655231099215,"Glycosphingolipid biosynthesis-ganglio series","HMR_0845","MAR00845"
"216",1.6802761277411,-0.0273786204236917,0.834414663857128,0.124725950181633,"Glycosphingolipid biosynthesis-ganglio series","HMR_0847","MAR00847"
"217",0,0,0,0,"Heparan sulfate degradation","HMR_7571","MAR07571"
"218",0,0,0,0.00143189017951428,"Heparan sulfate degradation","HMR_7572","MAR07572"
"219",0,-0.0494180290518521,-0.0181294631710327,0.00290728438899874,"Heparan sulfate degradation","HMR_7573","MAR07573"
"220",-1.00167084494127,1.00167084494127,-1.00167084494127,0.0028746101294162,"Bile acid biosynthesis","HMR_1684","MAR01684"
"221",0,0,0,7.2800594859738e-06,"Bile acid biosynthesis","HMR_1692","MAR01692"
"222",0,-1.00167084494127,-1.00167084494127,0.0380692781562805,"Transport reactions","HMR_1694","MAR01694"
"223",0,0,0,0.000730976564716552,"Transport reactions","HMR_1774","MAR01774"
"224",1.00167084494127,-1.22485599930324,-1.4187152569547,0.04648076979252,"Bile acid biosynthesis","HMR_1830","MAR01830"
"225",0,0,0,0,"Bile acid biosynthesis","HMR_1832","MAR01832"
"226",1.00167084494127,-1.41789592419012,-1.00167084494127,0.0290172493573152,"Bile acid biosynthesis","HMR_1834","MAR01834"
"227",0,0,0,0,"Bile acid biosynthesis","HMR_1835","MAR01835"
"228",0,0,0,0,"Bile acid biosynthesis","HMR_1841","MAR01841"
"229",3.22795449679215,1.0800903531695,2.3674104394245,0.876466248079897,"Bile acid biosynthesis","HMR_1844","MAR01844"
"230",0,0,0,0,"Transport reactions","HMR_1855","MAR01855"
"231",0,0,0,0,"Bile acid recycling","HMR_1877","MAR01877"
"232",-0.691645523370178,-0.705770519465083,-0.798366611991833,0.0282522217557978,"Nicotinate and nicotinamide metabolism","HMR_4262","MAR04262"
"233",0,0,0,0,"Nicotinate and nicotinamide metabolism","HMR_4265","MAR04265"
"234",1.66669336644106,0.44747693657922,1.15761893082973,0.094804056510229,"Nicotinate and nicotinamide metabolism","HMR_4269","MAR04269"
"235",0,0,0,0,"Nicotinate and nicotinamide metabolism","HMR_8791","MAR08791"
"236",0,0,0,0,"Inositol phosphate metabolism","HMR_4308","MAR04308"
"237",0,0,0,0.00288929491744132,"Folate metabolism","HMR_3929","MAR03929"
"238",1.65488683457599,1.25380493062857,2.02923241546222,0.0790074801977775,"Folate metabolism","HMR_4332","MAR04332"
"239",2.13150260617984,-1.40411188907048,0.966194998907651,0.250343702879267,"Folate metabolism","HMR_4333","MAR04333"
"240",3.81884197728751,0.714937379936138,3.03159487326704,0.231326372823809,"Folate metabolism","HMR_4654","MAR04654"
"241",1.82389479397905,0.627598542184728,1.73864433766119,0.0952053907982126,"Folate metabolism","HMR_4655","MAR04655"
"242",0,-1.00167084494127,-1.00167084494127,0.00854484427098697,"Folate metabolism","HMR_7920","MAR07920"
"243",0,0,0,0,"Folate metabolism","HMR_8129","MAR08129"
"244",0,-0.760953109494436,-0.746071733303797,0.0177599713595444,"Folate metabolism","HMR_8132","MAR08132"
"245",0,0,0,0,"Folate metabolism","HMR_8144","MAR08144"
"246",0,0,0,0.00218208890086951,"Biotin metabolism","HMR_7663","MAR07663"
"247",0.717649955916858,-1.00167084494127,-0.0697532728976236,0.00606845616145861,"Retinol metabolism","HMR_6630","MAR06630"
"248",0,0,0,0,"Retinol metabolism","HMR_6632","MAR06632"
"249",0,0,0,0,"Retinol metabolism","HMR_6634","MAR06634"
"250",1.00167084494127,1.02766562483434,1.28634376464554,0.0213275527794683,"Retinol metabolism","HMR_6638","MAR06638"
"251",0,0,0,0,"Retinol metabolism","HMR_6641","MAR06641"
"252",0,0,0,0,"Retinol metabolism","HMR_6642","MAR06642"
"253",-1.00167084494127,1.00167084494127,-1.00167084494127,0.00856403494091096,"Retinol metabolism","HMR_6643","MAR06643"
"254",1.36401025813803,-0.542889979517794,1.10699316824322,0.0194788472012865,"Retinol metabolism","HMR_6644","MAR06644"
"255",0,0,0,0,"Retinol metabolism","HMR_6647","MAR06647"
"256",0,0,0,0,"Retinol metabolism","HMR_6648","MAR06648"
"257",0,0,0,0,"Retinol metabolism","HMR_6649","MAR06649"
"258",0,0,0,0,"Retinol metabolism","HMR_6650","MAR06650"
"259",0,0,0,0,"Retinol metabolism","HMR_6651","MAR06651"
"260",0,0,0,2.18247199863223e-06,"Retinol metabolism","HMR_6652","MAR06652"
"261",0,0,0,0,"Retinol metabolism","HMR_6653","MAR06653"
"262",0,0,0,0,"Retinol metabolism","HMR_6654","MAR06654"
"263",0,0,0,0,"Retinol metabolism","HMR_6655","MAR06655"
"264",0,0,0,0,"Retinol metabolism","HMR_6656","MAR06656"
"265",0,0,0,0,"Retinol metabolism","HMR_6657","MAR06657"
"266",0,0,0,0,"Retinol metabolism","HMR_6658","MAR06658"
"267",0,0,0,0,"Retinol metabolism","HMR_6660","MAR06660"
"268",-1.00167084494127,1.00167084494127,-0.0940734743629634,0.00352813606760565,"Retinol metabolism","HMR_6662","MAR06662"
"269",0,0,0,0,"Retinol metabolism","HMR_6664","MAR06664"
"270",0,0,0,0,"Retinol metabolism","HMR_6665","MAR06665"
"271",0,0,0,0,"Retinol metabolism","HMR_6668","MAR06668"
"272",0,0,0,0,"Retinol metabolism","HMR_6669","MAR06669"
"273",1.00167084494127,0.558013705758814,0.808994602816762,0.0215237129925728,"Retinol metabolism","HMR_6672","MAR06672"
"274",0,0,0,0,"Retinol metabolism","HMR_6673","MAR06673"
"275",1.00167084494127,0.282300009075895,0.477177259081853,0.0338161021547424,"Retinol metabolism","HMR_6675","MAR06675"
"276",0,0,0,0,"Retinol metabolism","HMR_6676","MAR06676"
"277",0,0,0,0,"Retinol metabolism","HMR_6677","MAR06677"
"278",0,0,0,0,"Retinol metabolism","HMR_6678","MAR06678"
"279",0,0,0,0,"Retinol metabolism","HMR_6682","MAR06682"
"280",0,0,0,0,"Retinol metabolism","HMR_6687","MAR06687"
"281",0,0,0,0,"Retinol metabolism","HMR_6690","MAR06690"
"282",0,0,0,0,"Retinol metabolism","HMR_6691","MAR06691"
"283",0,0,0,0,"Retinol metabolism","HMR_6692","MAR06692"
"284",0,0,0,0,"Retinol metabolism","HMR_6693","MAR06693"
"285",0,0,0,0,"Retinol metabolism","HMR_6700","MAR06700"
"286",0,0,0,0,"Retinol metabolism","HMR_6701","MAR06701"
"287",0,0,0,0,"Retinol metabolism","HMR_6702","MAR06702"
"288",0,0,0,0,"Retinol metabolism","HMR_6703","MAR06703"
"289",4.13379556331046,3.93115204202106,4.37764677635367,0.488029040054534,"Retinol metabolism","HMR_8698","MAR08698"
"290",-0.669217687166305,1.00167084494127,0.395043643246164,0.0115885855449018,"Retinol metabolism","HMR_8702","MAR08702"
"291",-1.41308510199257,0,-1.00167084494127,0.0247101890339388,"Retinol metabolism","HMR_8709","MAR08709"
"292",0,0,0,0,"Retinol metabolism","HMR_8711","MAR08711"
"293",0,0,0,0,"Thiamine metabolism","HMR_4204","MAR04204"
"294",0,0,0,0,"Vitamin B12 metabolism","HMR_8613","MAR08613"
"295",0,0,0,0,"Vitamin B12 metabolism","HMR_8615","MAR08615"
"296",0,0,0,0,"Vitamin B12 metabolism","HMR_8616","MAR08616"
"297",0,0,0,0,"Vitamin D metabolism","HMR_2129","MAR02129"
"298",0,0,0,0,"Vitamin D metabolism","HMR_2130","MAR02130"
"299",0,0,0,0,"Vitamin D metabolism","HMR_2131","MAR02131"
"300",0,0,0,0,"Vitamin D metabolism","HMR_2132","MAR02132"
"301",0,0,0,0,"Vitamin D metabolism","HMR_2133","MAR02133"
"302",0,0,0,0,"Vitamin D metabolism","HMR_2134","MAR02134"
"303",0,0,0,0,"Vitamin D metabolism","HMR_2135","MAR02135"
"304",0,0,0,0,"Vitamin D metabolism","HMR_2136","MAR02136"
"305",0,0,0,0,"Vitamin D metabolism","HMR_2137","MAR02137"
"306",0,0,0,0,"Vitamin D metabolism","HMR_2139","MAR02139"
"307",0,0,0,0,"Vitamin D metabolism","HMR_2142","MAR02142"
"308",0,0,0,0,"Vitamin D metabolism","HMR_2143","MAR02143"
"309",0,0,0,0,"Vitamin D metabolism","HMR_2144","MAR02144"
"310",0,0,0,0,"Vitamin D metabolism","HMR_2145","MAR02145"
"311",0,0,0,0,"Vitamin E metabolism","HMR_6426","MAR06426"
"312",0,0,0,0,"Vitamin E metabolism","HMR_6428","MAR06428"
"313",0,0,0,0,"Vitamin E metabolism","HMR_6432","MAR06432"
"314",0,0,0,0,"Vitamin E metabolism","HMR_6433","MAR06433"
"315",0,0,0,0,"Vitamin E metabolism","HMR_6434","MAR06434"
"316",0,0,0,0,"Vitamin E metabolism","HMR_6435","MAR06435"
"317",0,0,0,0,"Vitamin E metabolism","HMR_6436","MAR06436"
"318",0,0,0,0,"Vitamin E metabolism","HMR_6441","MAR06441"
"319",0,0,0,0,"Vitamin E metabolism","HMR_6443","MAR06443"
"320",0,0,0,0.000731062988460186,"Vitamin E metabolism","HMR_6447","MAR06447"
"321",0,0,0,0,"Vitamin E metabolism","HMR_6448","MAR06448"
"322",0,0,0,0.00145058734785039,"Vitamin E metabolism","HMR_6450","MAR06450"
"323",0,0,0,0,"Vitamin E metabolism","HMR_6451","MAR06451"
"324",0,0,0,0,"Vitamin E metabolism","HMR_6453","MAR06453"
"325",0,0,0,0,"Vitamin E metabolism","HMR_6490","MAR06490"
"326",0,0,0,0,"Vitamin E metabolism","HMR_6492","MAR06492"
"327",0.977929632711057,0.270098688202122,0.60380554467023,0.0532021687741403,"Miscellaneous","HMR_5127","MAR05127"
"328",0,0,0,0,"Miscellaneous","HMR_5406","MAR05406"
"329",0,0,0,0,"Miscellaneous","HMR_8617","MAR08617"
"330",0,0,0,0,"Miscellaneous","HMR_8749","MAR08749"
"331",0,0,0,0.000725834824484177,"Transport reactions","HMR_0018","MAR00018"
"332",3.09483538498547,1.37227438217135,3.07549145058097,0.799309180476812,"Transport reactions","HMR_0167","MAR00167"
"333",1.23020114770246,-0.0677307633103159,0.761486118566078,0.0440008939563832,"Transport reactions","HMR_0173","MAR00173"
"334",0,0,0,0,"Transport reactions","HMR_0352","MAR00352"
"335",-0.691645523370178,1.63679135554853,1.13481057232355,0.0324380887156733,"Transport reactions","HMR_0376","MAR00376"
"336",0.965707685896062,1.73918688903363,1.66154294010859,0.031401900328316,"Transport reactions","HMR_0770","MAR00770"
"337",2.33252003845747,0.0992017039910717,1.3795933940476,0.238711492326693,"Transport reactions","HMR_3959","MAR03959"
"338",0,0,0,0,"Transport reactions","HMR_4063","MAR04063"
"339",0,0,0,0,"Transport reactions","HMR_4845","MAR04845"
"340",0,0,0,0.00145900364257623,"Transport reactions","HMR_4847","MAR04847"
"341",0,0,0,0,"Transport reactions","HMR_4848","MAR04848"
"342",0,0,0,0,"Transport reactions","HMR_4858","MAR04858"
"343",1.6109739859427,0.205321986942096,1.26521857647257,0.354179922500385,"Transport reactions","HMR_4885","MAR04885"
"344",0,0,0,0.00216778781980471,"Transport reactions","HMR_4896","MAR04896"
"345",0,-1.41714339316311,-1.41741887936387,0.0118045977055081,"Transport reactions","HMR_4919","MAR04919"
"346",-1.00167084494127,1.40474710078559,1.08217597986111,0.0357492643984143,"Transport reactions","HMR_4947","MAR04947"
"347",0,0,0,0,"Transport reactions","HMR_4958","MAR04958"
"348",0,1.00167084494127,1.00167084494127,0.0801721425014967,"Transport reactions","HMR_4969","MAR04969"
"349",0,0,0,0,"Transport reactions","HMR_4983","MAR04983"
"350",1.00167084494127,-2.01118544279454,-1.74031930997605,0.0582892261590537,"Transport reactions","HMR_4985","MAR04985"
"351",1.00167084494127,-1.00167084494127,0.339476855277788,0.0455701191300961,"Transport reactions","HMR_4990","MAR04990"
"352",1.00167084494127,0,1.00167084494127,0.0014572302942175,"Transport reactions","HMR_5003","MAR05003"
"353",-0.727541445300834,0,-0.847542244247497,0.00362866308988989,"Transport reactions","HMR_5029","MAR05029"
"354",-1.00167084494127,1.00167084494127,-1.00167084494127,0.014931877513547,"Transport reactions","HMR_5034","MAR05034"
"355",1.6007772921747,1.36355914384009,1.75147177151996,0.0241246346433607,"Transport reactions","HMR_5037","MAR05037"
"356",1.31685384391844,0,1.41892305842727,0.00145780080578438,"Transport reactions","HMR_5038","MAR05038"
"357",0,0,0,0,"Transport reactions","HMR_5041","MAR05041"
"358",-1.00167084494127,0,-1.00167084494127,0.016315648018807,"Transport reactions","HMR_5070","MAR05070"
"359",0,0,0,0,"Transport reactions","HMR_5073","MAR05073"
"360",1.00167084494127,0,1.00167084494127,0.00291355860976902,"Transport reactions","HMR_5074","MAR05074"
"361",1.3719335396259,-1.4174968319774,-0.0718170021231486,0.0105999675337518,"Transport reactions","HMR_5077","MAR05077"
"362",-0.245794321796172,0,-0.0614298980361701,0.0119537831490788,"Transport reactions","HMR_5078","MAR05078"
"363",0,0,0,0,"Transport reactions","HMR_5079","MAR05079"
"364",0,0,0,0.00144854311079598,"Transport reactions","HMR_5080","MAR05080"
"365",0,1.00167084494127,1.00167084494127,0.00725952413478732,"Transport reactions","HMR_5082","MAR05082"
"366",0,-0.0196399734641094,-0.0353443692803668,0.00432474782920252,"Transport reactions","HMR_5084","MAR05084"
"367",0,1.00167084494127,1.00167084494127,0.00218576386476514,"Transport reactions","HMR_5085","MAR05085"
"368",0,0,0,0,"Transport reactions","HMR_5088","MAR05088"
"369",0,0.975420933596192,1.01949340978889,0.0377463544372427,"Transport reactions","HMR_5089","MAR05089"
"370",0,0,0,0.00722752596552728,"Transport reactions","HMR_5091","MAR05091"
"371",0,1.00167084494127,1.00167084494127,0.0127935485707596,"Transport reactions","HMR_5092","MAR05092"
"372",0,0,0,0.00217808411173697,"Transport reactions","HMR_5129","MAR05129"
"373",0,0,0,0,"Transport reactions","HMR_5303","MAR05303"
"374",-1.00167084494127,0,-1.00167084494127,0.00145706226564708,"Transport reactions","HMR_5305","MAR05305"
"375",-1.00167084494127,-1.41881355234013,-1.26829771287023,0.0459341615523697,"Transport reactions","HMR_5307","MAR05307"
"376",0,0,0,0,"Transport reactions","HMR_5314","MAR05314"
"377",0,0,0,0,"Transport reactions","HMR_5315","MAR05315"
"378",0,0,0,0,"Transport reactions","HMR_5316","MAR05316"
"379",0,0,0,0,"Transport reactions","HMR_5318","MAR05318"
"380",0,0,0,0,"Transport reactions","HMR_5319","MAR05319"
"381",0,0,0,0,"Transport reactions","HMR_5322","MAR05322"
"382",0,0,0,0,"Transport reactions","HMR_5324","MAR05324"
"383",0,0,0,0,"Transport reactions","HMR_5326","MAR05326"
"384",0,0,0,0,"Transport reactions","HMR_5330","MAR05330"
"385",1.00167084494127,0,1.00167084494127,0.00146449441579064,"Transport reactions","HMR_5430","MAR05430"
"386",0,0,0,0,"Transport reactions","HMR_5435","MAR05435"
"387",4.0444361289244,0.781952899827067,3.31945622310402,0.868746233410357,"Transport reactions","HMR_5436","MAR05436"
"388",1.29808112360511,1.41820867001287,1.87069273263432,0.0188304033243738,"Transport reactions","HMR_5458","MAR05458"
"389",0,-1.00167084494127,-1.00167084494127,0.00789406892479832,"Transport reactions","HMR_5459","MAR05459"
"390",0,0,0,0,"Transport reactions","HMR_5460","MAR05460"
"391",0,0,0,0,"Transport reactions","HMR_5461","MAR05461"
"392",0,0,0,0,"Transport reactions","HMR_5462","MAR05462"
"393",2.42956173604611,-2.09267678598915,0.176393245970002,0.244397429629126,"Transport reactions","HMR_5463","MAR05463"
"394",1.26829771287023,-1.41764126169939,0.44065918444728,0.032618976403063,"Transport reactions","HMR_5464","MAR05464"
"395",0,0,0,0.000731033130758571,"Transport reactions","HMR_5465","MAR05465"
"396",1.59769743117949,0.736194193229045,1.55491029620041,0.0798681718535586,"Transport reactions","HMR_5466","MAR05466"
"397",1.00167084494127,-1.00167084494127,0.0614298980361701,0.0613507185533569,"Transport reactions","HMR_5467","MAR05467"
"398",0,0,0,0.00358114323433834,"Transport reactions","HMR_5468","MAR05468"
"399",1.78028880342299,-0.277326504466478,0.675647255272867,0.209140862259907,"Transport reactions","HMR_5469","MAR05469"
"400",1.91984895113693,-1.6800212462351,0.568869329460041,0.228069384585635,"Transport reactions","HMR_5470","MAR05470"
"401",2.34146364486544,-2.28566719822414,0.496823633101672,0.354639605068919,"Transport reactions","HMR_5472","MAR05472"
"402",0,1.00167084494127,1.00167084494127,0.00487229061366264,"Transport reactions","HMR_5473","MAR05473"
"403",0,0,0,0,"Transport reactions","HMR_5474","MAR05474"
"404",0,0,0,0,"Transport reactions","HMR_5477","MAR05477"
"405",0,0,0,0.000726313046421865,"Transport reactions","HMR_5482","MAR05482"
"406",0,0,0,0,"Transport reactions","HMR_5488","MAR05488"
"407",0,0,0,0.0200677379469,"Transport reactions","HMR_5489","MAR05489"
"408",0,0,0,0.0021648881571609,"Transport reactions","HMR_5490","MAR05490"
"409",0,0,0,0.0756444659593929,"Transport reactions","HMR_5491","MAR05491"
"410",-1.00167084494127,1.00167084494127,0,0.00763757828820114,"Transport reactions","HMR_5493","MAR05493"
"411",0,0,0,0.00144717182497332,"Transport reactions","HMR_5494","MAR05494"
"412",0,0,0,0,"Transport reactions","HMR_5496","MAR05496"
"413",-1.00167084494127,0.028855532885025,-1.00167084494127,0.00289006412589549,"Transport reactions","HMR_5497","MAR05497"
"414",-1.39951802678298,-1.00167084494127,-1.29072858484775,0.00725204665335354,"Transport reactions","HMR_5499","MAR05499"
"415",0,0,0,0.00215986009602631,"Transport reactions","HMR_5500","MAR05500"
"416",0,0,0,0,"Transport reactions","HMR_5501","MAR05501"
"417",0,0,0,0,"Transport reactions","HMR_5502","MAR05502"
"418",0,0,0,7.50234232024619e-06,"Transport reactions","HMR_5503","MAR05503"
"419",0,0,0,0,"Transport reactions","HMR_5504","MAR05504"
"420",0,0,0,0.00284897776201649,"Transport reactions","HMR_5505","MAR05505"
"421",0,0,0,0,"Transport reactions","HMR_5506","MAR05506"
"422",0,-1.00167084494127,-1.00167084494127,0.00649557761971266,"Transport reactions","HMR_5508","MAR05508"
"423",0,0,0,7.34185718622863e-06,"Transport reactions","HMR_5509","MAR05509"
"424",-1.00167084494127,-0.0392686640005414,-0.461183841077699,0.00649408603051436,"Transport reactions","HMR_5511","MAR05511"
"425",0,0,0,0.00143478837777896,"Transport reactions","HMR_5518","MAR05518"
"426",0,0,0,0,"Transport reactions","HMR_5528","MAR05528"
"427",0,0,0,0,"Transport reactions","HMR_5535","MAR05535"
"428",0,0,0,0,"Transport reactions","HMR_5537","MAR05537"
"429",-1.00167084494127,0,-1.00167084494127,0.00071901987707065,"Transport reactions","HMR_5545","MAR05545"
"430",0,0,0,0.00146053238960045,"Transport reactions","HMR_5552","MAR05552"
"431",0,0,0,0,"Transport reactions","HMR_5558","MAR05558"
"432",0,0,0,0.000723585912486673,"Transport reactions","HMR_5563","MAR05563"
"433",-1.00167084494127,0,-1.00167084494127,0.00506298989274009,"Transport reactions","HMR_5568","MAR05568"
"434",-1.41308510199257,0,-1.32691474827944,0.00578561161927856,"Transport reactions","HMR_5569","MAR05569"
"435",0,0,0,0,"Transport reactions","HMR_5570","MAR05570"
"436",0,-1.00167084494127,-1.00167084494127,0.00289784091626345,"Transport reactions","HMR_5571","MAR05571"
"437",0,0,0,0,"Transport reactions","HMR_5573","MAR05573"
"438",0,0,0,0,"Transport reactions","HMR_5580","MAR05580"
"439",0,-1.00167084494127,-1.00167084494127,0.0113852685014877,"Transport reactions","HMR_5602","MAR05602"
"440",0,0,0,0,"Transport reactions","HMR_5617","MAR05617"
"441",0,1.00167084494127,1.00167084494127,0.000730445752540921,"Transport reactions","HMR_5632","MAR05632"
"442",0,0,0,0,"Transport reactions","HMR_5647","MAR05647"
"443",0,0,0,0,"Transport reactions","HMR_5649","MAR05649"
"444",0,0,0,0,"Transport reactions","HMR_5650","MAR05650"
"445",0,0,0,0,"Transport reactions","HMR_5657","MAR05657"
"446",0,0,0,0.00684213173942832,"Transport reactions","HMR_5662","MAR05662"
"447",0,0,0,0,"Transport reactions","HMR_5664","MAR05664"
"448",0,0,0,0,"Transport reactions","HMR_5665","MAR05665"
"449",0,0,0,0,"Transport reactions","HMR_5666","MAR05666"
"450",0,0,0,0.00073099730463601,"Transport reactions","HMR_5672","MAR05672"
"451",0,0,0,0,"Transport reactions","HMR_5907","MAR05907"
"452",0,0,0,0,"Transport reactions","HMR_5955","MAR05955"
"453",1.00167084494127,0,1.00167084494127,0.0028840836582777,"Transport reactions","HMR_5994","MAR05994"
"454",0,0,0,0,"Transport reactions","HMR_5995","MAR05995"
"455",0,0,0,0.00290117779564904,"Transport reactions","HMR_5996","MAR05996"
"456",0,1.00167084494127,1.00167084494127,0.00084173551391699,"Transport reactions","HMR_5997","MAR05997"
"457",3.05736068567415,2.18251383950418,3.16017163745266,0.282997642079435,"Transport reactions","HMR_6051","MAR06051"
"458",0,0,0,0,"Transport reactions","HMR_6055","MAR06055"
"459",1.73592610414427,-1.00167084494127,0.971436896989344,0.00863696672172997,"Transport reactions","HMR_6060","MAR06060"
"460",0,-1.00167084494127,-1.00167084494127,0.00508302066508766,"Transport reactions","HMR_6095","MAR06095"
"461",0,0,0,0,"Transport reactions","HMR_6096","MAR06096"
"462",0,0,0,0,"Transport reactions","HMR_6103","MAR06103"
"463",0,0,0,0,"Transport reactions","HMR_6250","MAR06250"
"464",0,0,0,0,"Transport reactions","HMR_6353","MAR06353"
"465",0,-1.00167084494127,-1.00167084494127,0.00970896060877105,"Transport reactions","HMR_6356","MAR06356"
"466",0,0,0,0,"Transport reactions","HMR_6357","MAR06357"
"467",-1.00167084494127,-1.00167084494127,-1.00167084494127,0.0286790627120632,"Transport reactions","HMR_6359","MAR06359"
"468",0,1.00167084494127,1.00167084494127,0.0238394504980558,"Transport reactions","HMR_6360","MAR06360"
"469",-1.41895130952121,-1.39292903523559,-1.59968086388151,0.0586161357593512,"Transport reactions","HMR_6361","MAR06361"
"470",1.00167084494127,1.00167084494127,1.00167084494127,0.0400758711954124,"Transport reactions","HMR_6366","MAR06366"
"471",0,0,0,0,"Transport reactions","HMR_6377","MAR06377"
"472",-1.39721832396775,-1.00167084494127,-1.33455971463116,0.0296756295588617,"Transport reactions","HMR_6380","MAR06380"
"473",0.316346235474517,-1.73856174721571,-0.99737576136422,0.194024859201187,"Transport reactions","HMR_6381","MAR06381"
"474",-1.00167084494127,0,-1.00167084494127,0.00292255304005209,"Transport reactions","HMR_6382","MAR06382"
"475",-1.41021491746113,1.00167084494127,-1.00167084494127,0.0292829447650354,"Transport reactions","HMR_6384","MAR06384"
"476",0,0,0,0,"Transport reactions","HMR_6424","MAR06424"
"477",0,0,0,0.000729106367077369,"Transport reactions","HMR_6439","MAR06439"
"478",0,0,0,0,"Transport reactions","HMR_6505","MAR06505"
"479",0.254943185867969,-1.18417393184157,-0.532775663538438,0.0304790810412757,"Transport reactions","HMR_6512","MAR06512"
"480",-1.36401025813803,1.00167084494127,-0.025400963158999,0.0181993145846361,"Transport reactions","HMR_6628","MAR06628"
"481",0.347159290919078,0,0.626208927797364,0.00505986115173168,"Transport reactions","HMR_7684","MAR07684"
"482",-0.306834130158455,-1.64205808755246,-1.2648178117502,0.00726186560041157,"Transport reactions","HMR_7685","MAR07685"
"483",0,0,0,0,"Transport reactions","HMR_7735","MAR07735"
"484",0,0,0,0,"Transport reactions","HMR_8010","MAR08010"
"485",0,0,0,0,"Transport reactions","HMR_8077","MAR08077"
"486",2.30790620575259,0.572168759178152,1.85776870249618,0.171155397796894,"Transport reactions","HMR_8374","MAR08374"
"487",0,0,0,0,"Transport reactions","HMR_8408","MAR08408"
"488",0,0,0,0,"Transport reactions","HMR_8551","MAR08551"
"489",0,0,0,0,"Transport reactions","HMR_8612","MAR08612"
"490",0,0,0,0,"Transport reactions","HMR_8659","MAR08659"
"491",1.41474384189175,-1.41733449156998,0.0622011255398885,0.0517355233929241,"Transport reactions","HMR_8660","MAR08660"
"492",-1.00167084494127,-1.00167084494127,-1.41884764295631,0.0149166734129816,"Transport reactions","HMR_8687","MAR08687"
"493",1.37894123444589,1.44221232729058,1.7251785420649,0.0774459633346128,"Transport reactions","HMR_8721","MAR08721"
"494",0.232516225839034,0.802245468113604,1.41794797858463,0.0349713110769021,"Transport reactions","HMR_8901","MAR08901"
"495",0,0,0,0,"Transport reactions","HMR_8917","MAR08917"
"496",0,0,0,0,"Transport reactions","HMR_8938","MAR08938"
"497",0,0,0,0,"Transport reactions","HMR_9183","MAR09183"
"498",1.00167084494127,0.494545247167453,1.41892798806397,0.0991558709388735,"Transport reactions","HMR_9189","MAR09189"
"499",0,0,0,0,"Transport reactions","HMR_9594","MAR09594"
"500",0,0,0,0,"Transport reactions","HMR_9598","MAR09598"
"501",0,0,0,0,"Transport reactions","HMR_9605","MAR09605"
"502",0,0,0,0,"Transport reactions","HMR_9608","MAR09608"
"503",0,0,0,0,"Transport reactions","HMR_9617","MAR09617"
"504",2.58474106705031,2.13964585364455,2.82042204791634,0.193110173023497,"Transport reactions","HMR_9640","MAR09640"
"505",0,0,0,0.000727467811158805,"Transport reactions","HMR_9641","MAR09641"
"506",0,0,0,0,"Transport reactions","HMR_9728","MAR09728"
"507",0,0,0,0.00145083458864254,"Transport reactions","HMR_9019","MAR09019"
"508",0,0,0,0.0371785513059394,"Transport reactions","HMR_0158","MAR00158"
"509",0.361888685441934,-1.0202231826171,-0.882073115453632,0.051346671501478,"Transport reactions","HMR_0175","MAR00175"
"510",0,0,0,0,"Transport reactions","HMR_0446","MAR00446"
"511",0,0,0,0,"Transport reactions","HMR_0578","MAR00578"
"512",0,0,0,0.00290464893444408,"Transport reactions","HMR_0587","MAR00587"
"513",0,0,0,0,"Transport reactions","HMR_2127","MAR02127"
"514",0,0,0,0,"Transport reactions","HMR_2141","MAR02141"
"515",0,0,0,0,"Transport reactions","HMR_3946","MAR03946"
"516",0,0,0,0,"Transport reactions","HMR_4760","MAR04760"
"517",-0.112981428485796,0.923544458110678,0.291181401864881,0.038410280579798,"Transport reactions","HMR_4874","MAR04874"
"518",-1.00167084494127,-1.41895130952121,-1.74050861957802,0.0115569587451171,"Transport reactions","HMR_4888","MAR04888"
"519",1.00167084494127,0,0.58228853259059,0.0263950976940148,"Transport reactions","HMR_4898","MAR04898"
"520",0.369406829614303,-0.686930418689651,0.0571751062567125,0.109177201766679,"Transport reactions","HMR_4905","MAR04905"
"521",1.91269783256074,-0.025554080908703,1.27157799023648,0.0166217890996021,"Transport reactions","HMR_4914","MAR04914"
"522",1.00167084494127,-1.00167084494127,-0.0599433790248462,0.0084632033904622,"Transport reactions","HMR_4922","MAR04922"
"523",-1.00167084494127,-1.00167084494127,-1.41895130952121,0.00501300430659648,"Transport reactions","HMR_4957","MAR04957"
"524",1.5074260530676,-0.828921624185114,0.245372539230372,0.0463928462184678,"Transport reactions","HMR_5122","MAR05122"
"525",-1.00167084494127,0.598371043072153,0.0176762978285238,0.0301768879110162,"Transport reactions","HMR_5361","MAR05361"
"526",0,0,0,0.00431583759897421,"Transport reactions","HMR_6286","MAR06286"
"527",0,0,0,0,"Transport reactions","HMR_6293","MAR06293"
"528",1.00167084494127,0,1.00167084494127,0.00507414666969491,"Transport reactions","HMR_6295","MAR06295"
"529",0,0,0,0,"Transport reactions","HMR_6305","MAR06305"
"530",0,0,0,0,"Transport reactions","HMR_6306","MAR06306"
"531",0,0,0,0,"Transport reactions","HMR_6317","MAR06317"
"532",0,0,0,0,"Transport reactions","HMR_6318","MAR06318"
"533",0,0,0,0,"Transport reactions","HMR_6323","MAR06323"
"534",0,0,0,0,"Transport reactions","HMR_6324","MAR06324"
"535",1.87901461504071,0.576123952655278,1.58490643491061,0.0449865593776954,"Transport reactions","HMR_6328","MAR06328"
"536",0,0,0,0,"Transport reactions","HMR_6389","MAR06389"
"537",0,0,0,0,"Transport reactions","HMR_6431","MAR06431"
"538",0,0,0,0,"Transport reactions","HMR_6438","MAR06438"
"539",0,0,0,0,"Transport reactions","HMR_6446","MAR06446"
"540",0,0,0,0,"Transport reactions","HMR_6454","MAR06454"
"541",-1.00167084494127,-1.00167084494127,-1.00167084494127,0.00143189017951428,"Transport reactions","HMR_7638","MAR07638"
"542",0,0,0,0,"Transport reactions","HMR_8009","MAR08009"
"543",0,0,0,0,"Transport reactions","HMR_8614","MAR08614"
"544",0,0,0,2.04623002445222e-05,"Transport reactions","HMR_8891","MAR08891"
"545",0,0,0,0,"Transport reactions","HMR_8639","MAR08639"
"546",-1.00167084494127,-1.41891733988562,-1.27554148793277,0.0175783289889107,"Transport reactions","HMR_0796","MAR00796"
"547",-1.00167084494127,0,-1.00167084494127,0.000727232488237253,"Transport reactions","HMR_3987","MAR03987"
"548",1.00167084494127,0.547186964936575,1.00167084494127,0.0022247854714711,"Transport reactions","HMR_4887","MAR04887"
"549",0,-1.00167084494127,-1.00167084494127,0.018542636203432,"Transport reactions","HMR_4907","MAR04907"
"550",0,-1.00167084494127,-1.00167084494127,0.00434834962059946,"Transport reactions","HMR_4962","MAR04962"
"551",0,0,0,0.0064706832669199,"Transport reactions","HMR_5047","MAR05047"
"552",0,0,0,0,"Transport reactions","HMR_7570","MAR07570"
"553",0,-1.00167084494127,-1.00167084494127,0.00143189017951428,"Transport reactions","HMR_8887","MAR08887"
"554",0.661407650591729,0,0.293596898823338,0.138550930369072,"Transport reactions","HMR_2777","MAR02777"
"555",1.00167084494127,-1.41789592419012,-0.618726382361125,0.0310298859148997,"Transport reactions","HMR_4765","MAR04765"
"556",0.989675996002906,1.04666708478487,1.20173704010638,0.0875986660044642,"Transport reactions","HMR_4846","MAR04846"
"557",0,0,0,0,"Transport reactions","HMR_4883","MAR04883"
"558",0,0,0,0,"Transport reactions","HMR_4894","MAR04894"
"559",1.41852661196533,1.55098821008996,1.61886054433766,0.207230108364092,"Transport reactions","HMR_5347","MAR05347"
"560",0,0,0,0,"Transport reactions","HMR_6629","MAR06629"
"561",0.372190103704232,1.42755210028404,1.39799729274413,0.0286101382357546,"Transport reactions","HMR_7778","MAR07778"
"562",1.41895130952121,-1.55659083527017,-1.09059759680607,0.0523662593308774,"Transport reactions","HMR_7780","MAR07780"
"563",0,0,0,0,"Transport reactions","HMR_8716","MAR08716"
"564",0,0,0,0.0254170993653556,"Exchange/demand reactions","HMR_9809","MAR09809"
"565",3.43662755673083,0.620018787399129,2.6509258067342,0.861270217744477,"Exchange/demand reactions","HMR_9811","MAR09811"
"566",1.00167084494127,-1.00167084494127,-1.00167084494127,0.0376892426911001,"Exchange/demand reactions","HMR_9813","MAR09813"
"567",-1.00167084494127,1.00167084494127,0,0.0036164427978836,"Exchange/demand reactions","HMR_9038","MAR09038"
"568",0,0,0,0.000727467811158805,"Exchange/demand reactions","HMR_9039","MAR09039"
"569",0,0,0,0.00214518086295437,"Exchange/demand reactions","HMR_9040","MAR09040"
"570",0,0,0,0,"Exchange/demand reactions","HMR_9041","MAR09041"
"571",-1.00167084494127,-1.00167084494127,-1.41856518420374,0.0145771111497657,"Exchange/demand reactions","HMR_9042","MAR09042"
"572",0,0,0,0,"Exchange/demand reactions","HMR_9043","MAR09043"
"573",1.00167084494127,0,1.00167084494127,6.72127192634283e-06,"Exchange/demand reactions","HMR_9044","MAR09044"
"574",0,-1.00167084494127,-1.00167084494127,0.0064459419278208,"Exchange/demand reactions","HMR_9045","MAR09045"
"575",0,0,0,0,"Exchange/demand reactions","HMR_9046","MAR09046"
"576",0,0,0,0,"Exchange/demand reactions","HMR_9048","MAR09048"
"577",0,0,0,0,"Exchange/demand reactions","HMR_9058","MAR09058"
"578",1.95268508085954,-1.8992146108593,-0.0783915679244254,0.0851700452530174,"Exchange/demand reactions","HMR_9061","MAR09061"
"579",0,0,0,0,"Exchange/demand reactions","HMR_9062","MAR09062"
"580",0,0,0,0.0115661960511718,"Exchange/demand reactions","HMR_9063","MAR09063"
"581",0,0,0,0,"Exchange/demand reactions","HMR_9064","MAR09064"
"582",1.86135609019924,-1.43059483178257,0.147062739316751,0.101954967721624,"Exchange/demand reactions","HMR_9065","MAR09065"
"583",3.19197357128718,-1.21116192249356,1.4078882452329,0.397132562260378,"Exchange/demand reactions","HMR_9067","MAR09067"
"584",0,0,0,0,"Exchange/demand reactions","HMR_9068","MAR09068"
"585",2.2158330746851,1.04779727071707,1.63396208298817,0.236511099623743,"Exchange/demand reactions","HMR_9069","MAR09069"
"586",1.8786459350679,0.731661632042315,1.24717757463707,0.290118529454864,"Exchange/demand reactions","HMR_9072","MAR09072"
"587",0.693784128099793,0.0259981538668429,0.827457661209555,0.00871393864738574,"Exchange/demand reactions","HMR_9078","MAR09078"
"588",5.04453283462055,0.63924602480064,4.15446136877317,1.20075235006693,"Exchange/demand reactions","HMR_9079","MAR09079"
"589",1.54688309953025,-1.88058629334292,-1.00167084494127,0.11523068404562,"Exchange/demand reactions","HMR_9103","MAR09103"
"590",0,0,0,0,"Exchange/demand reactions","HMR_9107","MAR09107"
"591",2.20100475696136,-1.44705908737113,1.40048839050771,0.163425355093088,"Exchange/demand reactions","HMR_9108","MAR09108"
"592",0,0,0,0,"Exchange/demand reactions","HMR_9109","MAR09109"
"593",0,1.00167084494127,1.00167084494127,0.0043309687680284,"Exchange/demand reactions","HMR_9110","MAR09110"
"594",0,0,0,0,"Exchange/demand reactions","HMR_9122","MAR09122"
"595",0,0,0,0,"Exchange/demand reactions","HMR_9140","MAR09140"
"596",0,0,0,0,"Exchange/demand reactions","HMR_9143","MAR09143"
"597",2.68195680081844,-1.76899381670742,0.0270793801239004,0.498313147598097,"Exchange/demand reactions","HMR_9146","MAR09146"
"598",1.32663010474867,0.583543431890205,0.791233274344025,0.0619984378159147,"Exchange/demand reactions","HMR_9147","MAR09147"
"599",0,0,0,0,"Exchange/demand reactions","HMR_9152","MAR09152"
"600",0,0,0,0,"Exchange/demand reactions","HMR_9154","MAR09154"
"601",0,0,0,0,"Exchange/demand reactions","HMR_9159","MAR09159"
"602",3.17380046621069,1.16661906433365,2.39399621168685,0.240740215227316,"Exchange/demand reactions","HMR_9166","MAR09166"
"603",0,0,0,0,"Exchange/demand reactions","HMR_9167","MAR09167"
"604",0,0,0,0.0136596547993786,"Exchange/demand reactions","HMR_9205","MAR09205"
"605",1.00167084494127,1.66253073062076,1.91792979820364,0.0542756322029963,"Exchange/demand reactions","HMR_9206","MAR09206"
"606",0,0,0,0,"Exchange/demand reactions","HMR_9215","MAR09215"
"607",0,0,0,0,"Exchange/demand reactions","HMR_9232","MAR09232"
"608",-1.00167084494127,0,-1.00167084494127,0.00846581088582468,"Exchange/demand reactions","HMR_9235","MAR09235"
"609",1.00167084494127,-1.00167084494127,1.00167084494127,0.0157460285003368,"Exchange/demand reactions","HMR_9253","MAR09253"
"610",1.00167084494127,-1.00167084494127,-0.0266785580727918,0.0181257927258389,"Exchange/demand reactions","HMR_9259","MAR09259"
"611",0,0,0,0,"Exchange/demand reactions","HMR_9269","MAR09269"
"612",0,-0.0864237561084391,-0.0697532728976236,0.0277127493247859,"Exchange/demand reactions","HMR_9271","MAR09271"
"613",1.34568391204877,0,1.4183114925778,0.00991034606800222,"Exchange/demand reactions","HMR_9273","MAR09273"
"614",1.69389727890991,-1.366856474148,0.779716595355496,0.0178998460128097,"Exchange/demand reactions","HMR_9280","MAR09280"
"615",0,0,0,0,"Exchange/demand reactions","HMR_9285","MAR09285"
"616",-0.106041169428748,0.632615360864556,0.424899043761851,0.0341091642209905,"Exchange/demand reactions","HMR_9286","MAR09286"
"617",-1.00167084494127,0,-1.00167084494127,0.00143189017951428,"Exchange/demand reactions","HMR_9295","MAR09295"
"618",-1.00167084494127,-1.00167084494127,-1.00167084494127,0.017613950099289,"Exchange/demand reactions","HMR_9300","MAR09300"
"619",0,0,0,0,"Exchange/demand reactions","HMR_9303","MAR09303"
"620",0.731124619591595,-0.238321705202618,0.0464561560644483,0.0902067178457289,"Exchange/demand reactions","HMR_9346","MAR09346"
"621",1.01678516673969,0.0309608074911767,0.947587439998846,0.12256378236371,"Exchange/demand reactions","HMR_9348","MAR09348"
"622",0,1.00167084494127,1.00167084494127,0.0219680875622975,"Exchange/demand reactions","HMR_9351","MAR09351"
"623",-1.00167084494127,0.60433238124585,-0.568033820117329,0.0331058505512561,"Exchange/demand reactions","HMR_9353","MAR09353"
"624",0,0,0,0.00144196868322211,"Exchange/demand reactions","HMR_9358","MAR09358"
"625",-1.00167084494127,0,-1.00167084494127,0.00218761637854101,"Exchange/demand reactions","HMR_9363","MAR09363"
"626",1.39951802678298,-0.947095780514921,0.0238460815955114,0.0456323465702597,"Exchange/demand reactions","HMR_9378","MAR09378"
"627",2.87795251238991,-1.76118280529366,0.411350184028447,0.468354813965041,"Exchange/demand reactions","HMR_9383","MAR09383"
"628",2.86114157607114,2.29226702801869,3.53150105539022,0.33420543916388,"Exchange/demand reactions","HMR_9404","MAR09404"
"629",0,0,0,0,"Exchange/demand reactions","HMR_9406","MAR09406"
"630",0,0,0,0,"Exchange/demand reactions","HMR_9418","MAR09418"
"631",-0.426530704029246,1.41892233409182,1.00167084494127,0.0137881643583082,"Exchange/demand reactions","HMR_9421","MAR09421"
"632",0,0,0,0,"Exchange/demand reactions","HMR_9423","MAR09423"
"633",0.128040378351683,0.0181294631710327,0.0750240806164618,0.00506443502618795,"Exchange/demand reactions","HMR_9440","MAR09440"
"634",0,-1.00167084494127,-1.00167084494127,0.000729204934215962,"Exchange/demand reactions","HMR_9456","MAR09456"
"635",1.00167084494127,-1.79105760170027,-1.36225993606933,0.073423652893115,"Exchange/demand reactions","HMR_9463","MAR09463"
"636",1.00167084494127,1.41354539387279,1.30670854023805,0.00506611645604081,"Exchange/demand reactions","HMR_9690","MAR09690"
"637",0,0,0,0,"Exchange/demand reactions","HMR_9691","MAR09691"
"638",0,0,0,0,"Exchange/demand reactions","HMR_9729","MAR09729"
"639",0,-1.00167084494127,-1.00167084494127,0.00145380806745853,"Transport reactions","ACRNtm","MAR00060"
"640",0,0,0,0.00616751377185684,"Starch and sucrose metabolism","AMY2e","MAR00072"
"641",0,1.00167084494127,1.00167084494127,0.00289838257337152,"Transport reactions","BILDGLCURtr","MAR00089"
"642",0,0,0,0,"Transport reactions","BTNt4i","MAR00095"
"643",0,0,0,0,"Fatty acid oxidation","C180CRNt","MAR00107"
"644",1.00167084494127,1.00167084494127,1.00167084494127,0.00290775135893568,"Transport reactions","CITtam","MAR00125"
"645",0,0,0,0,"Glycerophospholipid metabolism","CLS_hs","MAR00129"
"646",0,0,0,0.000723585912486673,"Exchange/demand reactions","EX_atp[e]","MAR00569"
"647",0.612433826981197,1.46355301698149,1.66061751889588,0.0311120095323814,"Exchange/demand reactions","EX_crvnc[e]","MAR00573"
"648",0,0,0,0,"Exchange/demand reactions","EX_glyc_S[e]","MAR00603"
"649",0,0,0,0,"Exchange/demand reactions","EX_glygn2[e]","MAR00606"
"650",0,0,0,0.00072447938593541,"Exchange/demand reactions","EX_glygn4[e]","MAR00608"
"651",0,0,0,0,"Exchange/demand reactions","EX_lpchol_hs[e]","MAR00628"
"652",1.40459586537463,0.285415428610531,1.00167084494127,0.0165600434399946,"Exchange/demand reactions","EX_pe_hs[e]","MAR00656"
"653",0,0,0,0,"Exchange/demand reactions","EX_pglyc_hs[e]","MAR00658"
"654",0,0,0,0,"Exchange/demand reactions","EX_ps_hs[e]","MAR00661"
"655",-1.00167084494127,0,-1.00167084494127,0.000723585912486673,"Exchange/demand reactions","EX_strdnc[e]","MAR00695"
"656",0,0,0,0,"Fatty acid oxidation","FAOXC161802m","MAR00764"
"657",0,0,0,0,"Fatty acid oxidation","FAOXC180","MAR00776"
"658",0,1.00167084494127,1.00167084494127,0.0404379625598606,"Fatty acid oxidation","FAOXC182806m","MAR00785"
"659",-1.00167084494127,0,-1.00167084494127,0.000728332991889621,"Fatty acid oxidation","FAOXC18280m","MAR00788"
"660",1.00167084494127,1.00167084494127,1.00167084494127,0.0135253561607574,"Fatty acid oxidation","FAOXC18480m","MAR00818"
"661",-0.048033493284495,1.14534827855456,1.03763330438103,0.0345906924459518,"Fatty acid oxidation","FAOXC2051843m","MAR00923"
"662",-0.502325681416604,2.62696654810133,2.39326767154275,0.076353647525815,"Fatty acid oxidation","FAOXC226205m","MAR00970"
"663",1.57440931774414,-0.687309928117086,0.19647866490726,0.270046653045389,"Transport reactions","FOLt2","MAR01047"
"664",-1.00167084494127,1.00167084494127,0.44736274127549,0.00371714454956162,"Transport reactions","GLCt2_2","MAR01378"
"665",0,0,0,0,"Transport reactions","GLYC_St","MAR01385"
"666",0,0,0,0,"Tricarboxylic acid cycle and glyoxylate/dicarboxylate metabolism","HPYRR2x","MAR01453"
"667",1.62996951590087,0,1.74044435100823,0.0127990950243834,"Fatty acid oxidation","LNELDCCRNt","MAR01486"
"668",-1.00167084494127,-1.00167084494127,-1.00167084494127,0.00145753792646862,"Fatty acid oxidation","LNLCCRNt","MAR01487"
"669",0,0,0,0,"Transport reactions","LPCHOLt","MAR01499"
"670",-0.507891295808164,0,-0.0328798567041098,0.00787037937570804,"Transport reactions","NAHCO3_HCLt","MAR01525"
"671",1.02919362819121,-1.02530621537317,-0.358789350798181,0.0315294399784396,"Nicotinate and nicotinamide metabolism","NMNATr","MAR01542"
"672",1.47656570417378,0.376305415720274,0.81539374043538,0.142405113556089,"Transport reactions","PEt","MAR01601"
"673",0,0,0,0,"Transport reactions","PGLYCt","MAR01607"
"674",0,0,0,0.00218888529787762,"Transport reactions","PSt3","MAR01669"
"675",1.00167084494127,0,1.00167084494127,0.00290482388304573,"Vitamin A metabolism","RDH2a","MAR01690"
"676",0,0,0,0,"Transport reactions","THFt2","MAR01780"
"677",0,0,0,0,"Steroid metabolism","UGT1A10r","MAR01820"
"678",1.00167084494127,-1.00167084494127,0,0.0014498747333648,"Transport reactions","XOLEST2te","MAR01827"
"679",2.06054999022414,0.0344968555916125,1.177703137957,0.227845584878749,"Exchange/demand reactions","EX_ahdt[e]","MAR01871"
"680",0,0,0,0,"Exchange/demand reactions","EX_dha[e]","MAR01921"
"681",-1.00167084494127,0.558158085268809,-0.0084681938787383,0.0038101745462239,"Exchange/demand reactions","EX_fad[e]","MAR01939"
"682",1.33675753498177,0.112779165567597,1.00167084494127,0.0270528032724918,"Cysteine and methionine metabolism","r0193","MAR02027"
"683",0,0,0,0.0220055267953442,"Fatty acid oxidation","r0309","MAR02028"
"684",0,0,0,0,"Fatty acid oxidation","r0310","MAR02035"
"685",2.26502818544326,-0.259710631178502,1.12526063739023,0.26543620637255,"Miscellaneous","r0707","MAR02186"
"686",0,-1.00167084494127,-1.00167084494127,0.00216997735882704,"Fatty acid oxidation","r0791","MAR02207"
"687",1.7379699852858,-1.35819137984757,-0.0737650045911429,0.0217352197627153,"Transport reactions","r0941","MAR02225"
"688",0,0,0,0,"Transport reactions","r1147","MAR02303"
"689",1.00167084494127,0,1.00167084494127,0.035513617920633,"Fatty acid oxidation","r1253","MAR02313"
"690",-1.00167084494127,1.00167084494127,0.0372033524111974,0.00780914847409494,"Fatty acid oxidation","r1400","MAR02340"
"691",-1.00167084494127,1.3504578811229,0.810799688864509,0.00927513547128651,"Transport reactions","r1423","MAR02351"
"692",1.00167084494127,-1.00167084494127,1.00167084494127,0.0470590049439804,"Transport reactions","r2373","MAR02405"
"693",1.70543699645305,1.41883085981737,1.66759842210893,0.0446263872120199,"Transport reactions","r2510","MAR02432"
"694",0,0,0,0.000723585912486673,"Bile acid biosynthesis","RE1804M","MAR02885"
"695",0,0,0,0.00144454607064641,"Bile acid biosynthesis","RE1807M","MAR02891"
"696",0,0,0,0.00425078369905955,"Miscellaneous","RE2269E","MAR03042"
"697",3.73162540810248,1.22433717061262,2.83178430342879,0.878208266451119,"Tryptophan metabolism","RE2426C","MAR03119"
"698",0,0,0,0.000727467811158805,"Exchange/demand reactions","EX_HC00822[e]","MAR04142"
"699",0,0,0,0,"Exchange/demand reactions","EX_HC02192[e]","MAR04146"
"700",4.73481099415354,-0.904034551053597,3.72126895462639,1.03342936951712,"Exchange/demand reactions","EX_HC02193[e]","MAR04148"
"701",3.7207739487805,0.97739653550496,3.12275347329875,0.877971216791847,"Exchange/demand reactions","EX_HC02191[e]","MAR04164"
"702",0,0,0,0.000727467811158805,"Exchange/demand reactions","EX_CE5786[e]","MAR04341"
"703",0,0,0,0,"Exchange/demand reactions","EX_CE5788[e]","MAR04349"
"704",2.02753692615036,1.60534617331467,1.97024394468979,0.0760134719108151,"Exchange/demand reactions","EX_crm_hs[e]","MAR04384"
"705",1.00167084494127,1.41827972778159,1.73784725053327,0.0149860075367754,"Transport reactions","PIt8","MAR04411"
"706",-1.39721832396775,1.66578463209598,1.73817970953737,0.00775405078647641,"Fatty acid oxidation","FAOXC61C4m","MAR06279"
"707",1.00167084494127,1.00167084494127,1.41852661196533,0.00579057206944237,"Fatty acid oxidation","FAOXC8C6m","MAR06329"
"708",0,0,0,0,"Transport reactions","CYSSNAT5tc","MAR06887"
"709",1.00167084494127,-1.41764126169939,-1.00167084494127,0.0430003780690862,"Transport reactions","GLYGLYCNc","MAR06898"
"710",-1.40459586537463,-1.00167084494127,-1.33697272264455,0.0043597557666277,"Transport reactions","Coqe","MAR07819"
"711",0,0,0,0,"Exchange/demand reactions","EX_tdechola[e]","MAR08959"
"712",-1.00167084494127,1.41895130952121,0.534408904026384,0.0132995713764552,"Exchange/demand reactions","EX_q10[e]","MAR08966"
"713",0,0,0,0,"Exchange/demand reactions","EX_q10h2[e]","MAR08967"
"714",1.00167084494127,1.00167084494127,1.4189263027513,0.0430293490763164,"Transport reactions","GLUPROASCT1","MAR08972"
"715",1.15334139018772,0.378847100278391,0.801700125472936,0.0579376471690283,"Transport reactions","PPItm","MAR08987"
"716",0,0,0,0,"Transport reactions","Q10H2e","MAR08991"
"717",0,0,0,0,"Pentose phosphate pathway","RPEc","MAR08992"
"718",0,0,0,0,"Transport reactions","TAURCHAe","MAR08995"
"719",0,0,0,0,"Transport reactions","q10h2tc","MAR08997"
"720",-1.00167084494127,-1.00167084494127,-1.41789592419012,0.0115364174449118,"Transport reactions","q10tm","MAR08998"
"721",-1.00167084494127,-1.00167084494127,-1.41230923303165,0.00219209211230246,"Transport reactions","MAL_Lte","MAR09030"
"722",0.372190103704232,-0.139621414130431,0.184389613514825,0.0309253024891583,"Transport reactions","OROTGLUt","MAR09031"
"723",0.200013334666815,1.00167084494127,0.62323126432843,0.0314894219818313,"Transport reactions","PEPtr","MAR09112"
"724",0,0,0,0,"Transport reactions","2PGtr","MAR09820"
"725",0,0,0,0,"Transport reactions","DCMPtr","MAR09824"
"726",0,0,0,0,"Transport reactions","DHAPtr","MAR09825"
"727",1.81536631388407,1.70925253919566,1.80083944916012,0.0631481129154638,"Transport reactions","ETHAMPtr","MAR09827"
"728",0,0,0,0,"Transport reactions","FUMtr","MAR09828"
"729",0,0,0,0.00217656500802567,"Transport reactions","GLCURtr","MAR09830"
"730",1.00167084494127,0,1.00167084494127,0.000723565120170141,"Transport reactions","ICITtr","MAR09831"
"731",0,0,0,0.00506672934681693,"Transport reactions","UDPGLCURtr","MAR09837"
"732",-0.09695242295387,0.0278946663626393,-0.361431051793648,0.0217502541728414,"Transport reactions","GLYC3tr","MAR09839"
"733",-0.482086499259722,1.00167084494127,-0.0587781719528871,0.00652938403908223,"Transport reactions","OROT5Ptr","MAR09841"
"734",0,0,0,0,"Exchange/demand reactions","EX_2pg[e]","MAR09842"
"735",0,0,0,0.000723585912486673,"Exchange/demand reactions","EX_dcmp[e]","MAR09847"
"736",0.200013334666815,1.00167084494127,0.671410130529695,0.0429566556821016,"Exchange/demand reactions","EX_ethamp[e]","MAR09849"
"737",0,0,0,0.00352942455536379,"Exchange/demand reactions","EX_icit[e]","MAR09854"
"738",0,0,0,0,"Exchange/demand reactions","EX_pep[e]","MAR09858"
"739",1.00167084494127,0,1.00167084494127,0.00576964061047543,"Exchange/demand reactions","EX_udpglcur[e]","MAR09864"
"740",0,-1.00167084494127,-1.00167084494127,0.0127431020294308,"Exchange/demand reactions","EX_orot5p[e]","MAR09867"
"741",1.77797491819168,1.13570463641125,1.76627832943132,0.0526972062647975,"Exchange/demand reactions","EX_glyc3p[e]","MAR09868"
"742",1.41578753454903,-1.00167084494127,1.00167084494127,0.0178528719767241,"Transport reactions","FOLOAT1tc","MAR09883"
"743",0,0,0,0.00287495120096755,"Transport reactions","FOLOATPtc","MAR09885"
"744",0,-1.00167084494127,-1.00167084494127,0.00217122658367278,"Transport reactions","GLUB0AT3tc","MAR09888"
"745",-1.70492625963865,1.41891913921596,-1.4189263027513,0.0324431030057733,"Transport reactions","PCRNte","MAR09913"
"746",-0.232516225839034,-1.00167084494127,-0.433636653629297,3.06554823754368e-05,"Exchange/demand reactions","EX_pcrn[e]","MAR09921"
"747",-1.00167084494127,-1.00167084494127,-1.00167084494127,0.000728076828570181,"Exchange/demand reactions","EX_lneldccrn[e]","MAR09922"
"748",0,0,0,0.0057941968508996,"Transport reactions","HC00342te","MAR09928"
"749",4.56621835044451,2.10276266325669,3.64027231474126,1.46188904660106,"Fatty acid oxidation","HXCOAc","MAR09949"
"750",0,0,0,0.00284897776201649,"Transport reactions","LNLCCRNNAt","MAR09959"
"751",4.31953094000848,0.247382018862241,2.98782423915476,1.0388437541052,"Transport reactions","C03990t","MAR10011"
"752",0,0,0,0,"Transport reactions","C05463t2","MAR10021"
"753",0,0,0,0.0081275188161905,"Exchange/demand reactions","EX_forglu[e]","MAR10242"
"754",2.42062021299598,-2.31267444429401,-1.11203847331129,0.244565822864853,"Exchange/demand reactions","EX_hxcoa[e]","MAR10250"
"755",0,1.740365082627,1.7400637972547,0.155687670282766,"Exchange/demand reactions","EX_lnlccrn[e]","MAR10254"
"756",0,0,0,0.000730898800700762,"Exchange/demand reactions","EX_mi1p_D[e]","MAR10263"
"757",0,0,0,0,"Exchange/demand reactions","EX_nwharg[e]","MAR10265"
"758",1.36863496588711,1.41822745586688,1.41733449156998,0.019203757792894,"Transport reactions","FORGLUt","MAR10355"
"759",-0.285294299661846,0.0734143273854218,0.0411071533414353,0.14907593070166,"Transport reactions","HXCOAte","MAR10375"
"760",0.707881258156313,0.102751712997587,0.876020958906393,0.0173089340438806,"Transport reactions","LNLCCRNtd","MAR10383"
"761",0,0,0,0.00143172753991687,"Exchange/demand reactions","MI1Pt","MAR10389"
"762",0,0,0,0,"Transport reactions","NWHARGtd","MAR10391"
"763",0,0,0,0,"Transport reactions","PSERtr","MAR10396"
"764",0,0,0,0,"Exchange/demand reactions","EX_pser_L[e]","MAR10441"
"765",0,0,0,0,"Transport reactions","RETINALt","MAR10483"
"766",0,0,0,0,"Transport reactions","THBPTt","MAR10489"
"767",0,0,0,0.000725046180008443,"Exchange/demand reactions","EX_retinal[e]","MAR10492"
"768",0,0,0,0,"Exchange/demand reactions","EX_thbpt[e]","MAR10496"
"769",0,0,0,0,"Exchange/demand reactions","EX_alaasnleu[e]","MAR10499"
"770",0,0,0,0,"Exchange/demand reactions","EX_alahisala[e]","MAR10501"
"771",0,0,0,0,"Exchange/demand reactions","EX_alalysthr[e]","MAR10502"
"772",0,0,0,0.0354698439668179,"Exchange/demand reactions","EX_argglygly[e]","MAR10513"
"773",0,0,0,0,"Exchange/demand reactions","EX_argserser[e]","MAR10520"
"774",-1.00167084494127,-1.41895130952121,-1.35445857005813,0.017721973490162,"Exchange/demand reactions","EX_asntyrthr[e]","MAR10531"
"775",0,0,0,0.00145102043831021,"Exchange/demand reactions","EX_aspasnglu[e]","MAR10533"
"776",0,0,0,0,"Exchange/demand reactions","EX_aspglupro[e]","MAR10535"
"777",0,0,0,0,"Exchange/demand reactions","EX_aspglutrp[e]","MAR10536"
"778",0,0,0,0,"Exchange/demand reactions","EX_asplysglu[e]","MAR10539"
"779",0,0,0,0,"Exchange/demand reactions","EX_asplyshis[e]","MAR10540"
"780",0,0,0,0,"Exchange/demand reactions","EX_aspmetasp[e]","MAR10541"
"781",0,0,0,0.00352958619143436,"Exchange/demand reactions","EX_aspprolys[e]","MAR10542"
"782",1.00167084494127,0.0270182898726421,0.586960965685181,0.00853772365130117,"Exchange/demand reactions","EX_aspvalasn[e]","MAR10543"
"783",0,0,0,0,"Exchange/demand reactions","EX_cysgluhis[e]","MAR10548"
"784",-1.41308510199257,1.64394687945954,0.97682589519773,0.0164787197695581,"Exchange/demand reactions","EX_cysleuthr[e]","MAR10550"
"785",0,0,0,0.0036485789043157,"Exchange/demand reactions","EX_cyssermet[e]","MAR10551"
"786",0,0,0,0.0255332885003363,"Exchange/demand reactions","EX_gluasnleu[e]","MAR10562"
"787",0,0,0,0,"Exchange/demand reactions","EX_gluilelys[e]","MAR10564"
"788",0,0,0,0,"Exchange/demand reactions","EX_gluthrlys[e]","MAR10569"
"789",0,0,0,0.00215849024966815,"Exchange/demand reactions","EX_glutrpala[e]","MAR10570"
"790",0,0,0,0,"Exchange/demand reactions","EX_hisglugln[e]","MAR10583"
"791",0,0,0,0,"Exchange/demand reactions","EX_hishislys[e]","MAR10585"
"792",0,0,0,0,"Exchange/demand reactions","EX_hislysglu[e]","MAR10587"
"793",-1.3912166872805,1.00167084494127,-1.35435333420828,0.0021812900605111,"Exchange/demand reactions","EX_ileglnglu[e]","MAR10599"
"794",0,-1.00167084494127,-1.00167084494127,0.010838136656722,"Exchange/demand reactions","EX_ileprolys[e]","MAR10601"
"795",0,0,0,0,"Exchange/demand reactions","EX_iletrptyr[e]","MAR10603"
"796",0,0,0,0,"Exchange/demand reactions","EX_leuasplys[e]","MAR10606"
"797",0,0,0,0,"Exchange/demand reactions","EX_leuleutrp[e]","MAR10607"
"798",0,0,0,0.000730898800700762,"Exchange/demand reactions","EX_leusertrp[e]","MAR10610"
"799",1.00167084494127,0.0753183930198174,0.486559712086668,0.00866195413393876,"Exchange/demand reactions","EX_leutyrtyr[e]","MAR10613"
"800",0,-1.00167084494127,-1.00167084494127,0.0383127603457082,"Exchange/demand reactions","EX_lysargleu[e]","MAR10615"
"801",0,1.34990045698552,1.34370479199438,0.00437454172151301,"Exchange/demand reactions","EX_lysgluglu[e]","MAR10618"
"802",1.00167084494127,-1.00167084494127,-0.413233196669243,0.00289100338999305,"Exchange/demand reactions","EX_lyslyslys[e]","MAR10619"
"803",-1.41895130952121,0,-1.41834105635976,0.00146126311457323,"Exchange/demand reactions","EX_lystyrile[e]","MAR10622"
"804",-1.00167084494127,-1.00167084494127,-1.00167084494127,0.00362512499099684,"Exchange/demand reactions","EX_metmetile[e]","MAR10630"
"805",0,0,0,0,"Exchange/demand reactions","EX_pheleuasp[e]","MAR10637"
"806",0,0,0,0,"Exchange/demand reactions","EX_phephethr[e]","MAR10643"
"807",0,0,0,0,"Exchange/demand reactions","EX_proglnpro[e]","MAR10655"
"808",0,0,0,0,"Exchange/demand reactions","EX_prolyspro[e]","MAR10660"
"809",-1.00167084494127,-1.00167084494127,-1.00167084494127,0.00921949055300767,"Exchange/demand reactions","EX_propropro[e]","MAR10663"
"810",0,0,0,0.00145848432950099,"Exchange/demand reactions","EX_provalgln[e]","MAR10666"
"811",0,0,0,0,"Exchange/demand reactions","EX_serglyglu[e]","MAR10670"
"812",0,0,0,0.00216307998994049,"Exchange/demand reactions","EX_thrasntyr[e]","MAR10675"
"813",0,0,0,0.00362916238868233,"Exchange/demand reactions","EX_thrglnglu[e]","MAR10676"
"814",0,0,0,0,"Exchange/demand reactions","EX_thrglntyr[e]","MAR10677"
"815",-1.72645963181043,-1.00167084494127,-1.66060721731923,0.00361001779310556,"Exchange/demand reactions","EX_thrtyrmet[e]","MAR10684"
"816",0,0,0,0,"Exchange/demand reactions","EX_trpaspasp[e]","MAR10687"
"817",0,0,0,0,"Exchange/demand reactions","EX_trpproval[e]","MAR10706"
"818",0,0,0,0,"Exchange/demand reactions","EX_trpthrglu[e]","MAR10708"
"819",-1.00167084494127,-1.00167084494127,-1.00167084494127,0.00290920451511539,"Exchange/demand reactions","EX_trpthrile[e]","MAR10709"
"820",0,0,0,0,"Exchange/demand reactions","EX_trpthrtyr[e]","MAR10710"
"821",0,0,0,0,"Exchange/demand reactions","EX_trptyrtyr[e]","MAR10712"
"822",0,0,0,0.00145720169111466,"Exchange/demand reactions","EX_trpvalasp[e]","MAR10713"
"823",0.897460483036818,2.10663287620383,2.10750413626531,0.0400861139350207,"Exchange/demand reactions","EX_tyralaphe[e]","MAR10715"
"824",1.00167084494127,0,1.00167084494127,0.0120132495336324,"Exchange/demand reactions","EX_tyrcysthr[e]","MAR10720"
"825",0,0,0,0,"Exchange/demand reactions","EX_tyrphetyr[e]","MAR10723"
"826",0,0,0,0,"Exchange/demand reactions","EX_tyrvalmet[e]","MAR10727"
"827",0,-1.00167084494127,-1.00167084494127,0.0235015305924897,"Exchange/demand reactions","EX_valleuphe[e]","MAR10730"
"828",0,0,0,0,"Exchange/demand reactions","EX_vallystyr[e]","MAR10731"
"829",0,0,0,0,"Exchange/demand reactions","EX_valtrpval[e]","MAR10736"
"830",0,0,0,0,"Transport reactions","ALAASNLEUt","MAR10741"
"831",0,0,0,0,"Transport reactions","ALAHISALAt","MAR10743"
"832",0,0,0,0.00215305941341692,"Transport reactions","ALALYSTHRt","MAR10744"
"833",0,0,0,0,"Transport reactions","ARGGLYGLYt","MAR10755"
"834",0,0,0,0,"Transport reactions","ARGSERSERt","MAR10762"
"835",0,0,0,0.000739713347901822,"Transport reactions","ASNTYRTHRt","MAR10773"
"836",0,0,0,0.000730785175360419,"Transport reactions","ASPASNGLUt","MAR10775"
"837",0,0,0,0,"Transport reactions","ASPGLUPROt","MAR10777"
"838",0,1.00167084494127,1.00167084494127,0.0090628417873495,"Transport reactions","ASPGLUTRPt","MAR10778"
"839",0,0,0,0,"Transport reactions","ASPLYSGLUt","MAR10781"
"840",0,0,0,0,"Transport reactions","ASPLYSHISt","MAR10782"
"841",0,0,0,0.000728493489037495,"Transport reactions","ASPMETASPt","MAR10783"
"842",0,0,0,0.00215218240401252,"Transport reactions","ASPPROLYSt","MAR10784"
"843",0,-0.0701233971914376,-0.0809375754725874,0.0168897148758243,"Transport reactions","ASPVALASNt","MAR10785"
"844",0,0,0,0.000730316923125921,"Transport reactions","CYSGLUHISt","MAR10790"
"845",-1.69920630886875,1.00167084494127,-0.855531987986267,0.025111383519061,"Transport reactions","CYSLEUTHRt","MAR10792"
"846",0,0,0,0.0057647943383095,"Transport reactions","CYSSERMETt","MAR10793"
"847",0,0,0,0,"Transport reactions","GLUASNLEUt","MAR10804"
"848",0,0,0,0,"Transport reactions","GLUILELYSt","MAR10806"
"849",0,0,0,0,"Transport reactions","GLUTHRLYSt","MAR10811"
"850",0,0,0,0,"Transport reactions","GLUTRPALAt","MAR10812"
"851",0,0,0,0,"Transport reactions","HISGLUGLNt","MAR10825"
"852",0,0,0,0,"Transport reactions","HISHISLYSt","MAR10827"
"853",0,0,0,0,"Transport reactions","HISLYSGLUt","MAR10829"
"854",0,-1.35033491310462,-0.654029150255879,0.0475455406317876,"Transport reactions","ILEGLNGLUt","MAR10841"
"855",0,0,0,0.00072681093408022,"Transport reactions","ILEPROLYSt","MAR10843"
"856",0,0,0,0,"Transport reactions","ILETRPTYRt","MAR10845"
"857",0,0,0,0,"Transport reactions","LEUASPLYSt","MAR10848"
"858",0,0,0,0,"Transport reactions","LEULEUTRPt","MAR10849"
"859",0,0,0,0,"Transport reactions","LEUSERTRPt","MAR10852"
"860",0.200013334666815,-1.00167084494127,-1.00167084494127,0.0057917454778601,"Transport reactions","LEUTYRTYRt","MAR10855"
"861",1.00167084494127,0,1.00167084494127,0.0183221163469982,"Transport reactions","LYSARGLEUt","MAR10857"
"862",0,-1.00167084494127,-1.00167084494127,0.00634241878162622,"Transport reactions","LYSGLUGLUt","MAR10860"
"863",0,0,0,0.00217586690688175,"Transport reactions","LYSLYSLYSt","MAR10861"
"864",-1.00167084494127,0,-1.00167084494127,0.00218855126439915,"Transport reactions","LYSTYRILEt","MAR10864"
"865",-1.00167084494127,1.00167084494127,-1.00167084494127,0.00364498608867441,"Transport reactions","METMETILEt","MAR10872"
"866",0,0,0,0,"Transport reactions","PHELEUASPt","MAR10879"
"867",0,0,0,0,"Transport reactions","PHEPHETHRt","MAR10885"
"868",0,0,0,0,"Transport reactions","PROGLNPROt","MAR10897"
"869",0,0,0,0,"Transport reactions","PROLYSPROt","MAR10902"
"870",1.40459586537463,1.00167084494127,1.33520463180974,0.00426873342169624,"Transport reactions","PROPROPROt","MAR10905"
"871",0,0,0,0.000728768749900913,"Transport reactions","PROVALGLNt","MAR10908"
"872",0,0,0,0,"Transport reactions","SERGLYGLUt","MAR10912"
"873",0,0,0,0,"Transport reactions","THRASNTYRt","MAR10917"
"874",0,-1.00167084494127,-1.00167084494127,0.00290694872794446,"Transport reactions","THRGLNGLUt","MAR10918"
"875",0,0,0,0,"Transport reactions","THRGLNTYRt","MAR10919"
"876",0,0,0,0.000112963643686517,"Transport reactions","THRTYRMETt","MAR10926"
"877",0,0,0,0,"Transport reactions","TRPASPASPt","MAR10929"
"878",0,0,0,0,"Transport reactions","TRPPROVALt","MAR10948"
"879",0,0,0,0,"Transport reactions","TRPTHRGLUt","MAR10950"
"880",0.156180110802644,1.41745861826142,0.845544946456402,0.00509979923718954,"Transport reactions","TRPTHRILEt","MAR10951"
"881",0,0,0,0,"Transport reactions","TRPTHRTYRt","MAR10952"
"882",0,0,0,0,"Transport reactions","TRPTYRTYRt","MAR10954"
"883",0,0,0,0.00581957777583644,"Transport reactions","TRPVALASPt","MAR10955"
"884",-1.6572871714248,1.83780651241624,0.956430292748569,0.0503257900889877,"Transport reactions","TYRALAPHEt","MAR10957"
"885",-0.0537636998681417,1.00167084494127,0.399853740916358,0.0227459656044766,"Transport reactions","TYRCYSTHRt","MAR10962"
"886",0,0,0,0,"Transport reactions","TYRPHETYRt","MAR10965"
"887",-1.00167084494127,1.00167084494127,-1.00167084494127,0.0237708880138553,"Transport reactions","TYRVALMETt","MAR10969"
"888",0,0,0,0.0014493517429014,"Transport reactions","VALLEUPHEt","MAR10972"
"889",-1.00167084494127,-1.00167084494127,-1.00167084494127,0.00145623066526412,"Transport reactions","VALLYSTYRt","MAR10973"
"890",0,0,0,0,"Transport reactions","VALTRPVALt","MAR10978"
"891",0,0,0,0,"Peptide metabolism","ALAASNLEUr","MAR10983"
"892",0,0,0,0,"Peptide metabolism","ALAHISALAr","MAR10985"
"893",0,0,0,0,"Peptide metabolism","ALALYSTHRr","MAR10986"
"894",1.00167084494127,0,1.00167084494127,0.00283648590837345,"Peptide metabolism","ARGGLYGLYr","MAR10997"
"895",0,0,0,0,"Peptide metabolism","ARGSERSERr","MAR11004"
"896",-1.00167084494127,0,-1.00167084494127,0.00143683451831492,"Peptide metabolism","ASNTYRTHRr","MAR11015"
"897",0,0,0,0,"Peptide metabolism","ASPASNGLUr","MAR11017"
"898",0,0,0,0,"Peptide metabolism","ASPGLUPROr","MAR11019"
"899",0,0,0,0.00770796482842125,"Peptide metabolism","ASPGLUTRPr","MAR11020"
"900",0,0,0,0,"Peptide metabolism","ASPLYSGLUr","MAR11023"
"901",0,0,0,0,"Peptide metabolism","ASPLYSHISr","MAR11024"
"902",0,1.00167084494127,1.00167084494127,0.00721804007031,"Peptide metabolism","ASPMETASPr","MAR11025"
"903",0,0,0,0,"Peptide metabolism","ASPPROLYSr","MAR11026"
"904",0,0,0,0.0189887323736648,"Peptide metabolism","ASPVALASNr","MAR11027"
"905",0,0,0,0,"Peptide metabolism","CYSGLUHISr","MAR11032"
"906",1.37631332127781,1.18872888906867,1.31970312348987,0.0204988406236574,"Peptide metabolism","CYSLEUTHRr","MAR11034"
"907",0,0,0,0.000729601766994487,"Peptide metabolism","CYSSERMETr","MAR11035"
"908",0,0,0,0,"Peptide metabolism","GLUASNLEUr","MAR11046"
"909",0,0,0,0.00145772204251794,"Peptide metabolism","GLUILELYSr","MAR11048"
"910",0,0,0,0,"Peptide metabolism","GLUTHRLYSr","MAR11053"
"911",0,0,0,0,"Peptide metabolism","GLUTRPALAr","MAR11054"
"912",0,0,0,0,"Peptide metabolism","HISGLUGLNr","MAR11067"
"913",0,0,0,0,"Peptide metabolism","HISHISLYSr","MAR11069"
"914",0,0,0,0,"Peptide metabolism","HISLYSGLUr","MAR11071"
"915",-1.00167084494127,1.00167084494127,-1.00167084494127,0.004361188319866,"Peptide metabolism","ILEGLNGLUr","MAR11083"
"916",0,0,0,0,"Peptide metabolism","ILEPROLYSr","MAR11085"
"917",0,0,0,0,"Peptide metabolism","ILETRPTYRr","MAR11087"
"918",0,0,0,0,"Peptide metabolism","LEUASPLYSr","MAR11090"
"919",0,0,0,0.00145678882665256,"Peptide metabolism","LEULEUTRPr","MAR11091"
"920",0,0,0,0.000729423151397839,"Peptide metabolism","LEUSERTRPr","MAR11094"
"921",0,1.00167084494127,1.00167084494127,0.00489687602885799,"Peptide metabolism","LEUTYRTYRr","MAR11097"
"922",1.29808112360511,-1.00167084494127,1.41834105635976,0.0228472975270609,"Peptide metabolism","LYSARGLEUr","MAR11099"
"923",0,-1.00167084494127,-1.00167084494127,0.00860623214573877,"Peptide metabolism","LYSGLUGLUr","MAR11102"
"924",0,0,0,0,"Peptide metabolism","LYSLYSLYSr","MAR11103"
"925",1.00167084494127,0,1.00167084494127,0.00218792106976717,"Peptide metabolism","LYSTYRILEr","MAR11106"
"926",-1.00167084494127,0,-1.00167084494127,0.0127095610229901,"Peptide metabolism","METMETILEr","MAR11114"
"927",0,0,0,0,"Peptide metabolism","PHELEUASPr","MAR11121"
"928",-1.00167084494127,0,-1.00167084494127,0.000728768796264584,"Peptide metabolism","PHEPHETHRr","MAR11127"
"929",0,0,0,0,"Peptide metabolism","PROGLNPROr","MAR11139"
"930",0,0,0,0,"Peptide metabolism","PROLYSPROr","MAR11144"
"931",-1.00167084494127,0,-1.00167084494127,0.000728771049802942,"Peptide metabolism","PROPROPROr","MAR11147"
"932",0,0,0,0,"Peptide metabolism","PROVALGLNr","MAR11150"
"933",0,0,0,0,"Peptide metabolism","SERGLYGLUr","MAR11154"
"934",0,0,0,0,"Peptide metabolism","THRASNTYRr","MAR11159"
"935",0,0,0,0.00791931791399293,"Peptide metabolism","THRGLNGLUr","MAR11160"
"936",0,0,0,0.00434955426078766,"Peptide metabolism","THRGLNTYRr","MAR11161"
"937",0,0,0,0,"Peptide metabolism","THRTYRMETr","MAR11168"
"938",0,0,0,0,"Peptide metabolism","TRPASPASPr","MAR11171"
"939",0,0,0,0,"Peptide metabolism","TRPPROVALr","MAR11190"
"940",0,0,0,0,"Peptide metabolism","TRPTHRGLUr","MAR11192"
"941",-1.00167084494127,-1.00167084494127,-1.00167084494127,0.00571120688379953,"Peptide metabolism","TRPTHRILEr","MAR11193"
"942",0,0,0,0,"Peptide metabolism","TRPTHRTYRr","MAR11194"
"943",0,0,0,0,"Peptide metabolism","TRPTYRTYRr","MAR11196"
"944",0,0,0,0.00291667666095663,"Peptide metabolism","TRPVALASPr","MAR11197"
"945",0.277385662656982,1.80412642416768,1.46706550228981,0.0360212476126221,"Peptide metabolism","TYRALAPHEr","MAR11199"
"946",-1.00167084494127,0.578204971269404,-0.0243589204450903,0.0171122679955449,"Peptide metabolism","TYRCYSTHRr","MAR11204"
"947",0,0,0,0,"Peptide metabolism","TYRPHETYRr","MAR11207"
"948",0,0,0,0.00145866543844164,"Peptide metabolism","TYRVALMETr","MAR11211"
"949",-1.00167084494127,-1.00167084494127,-1.00167084494127,0.00431435274801241,"Peptide metabolism","VALLEUPHEr","MAR11214"
"950",0,0,0,0.000727462656021582,"Peptide metabolism","VALLYSTYRr","MAR11215"
"951",0,0,0,0,"Peptide metabolism","VALTRPVALr","MAR11220"
"952",0,0,0,0,"Transport reactions","LNELDCCRNtr","MAR11272"
"953",0,0,0,0,"Transport reactions","PCRNtr","MAR11275"
"954",0,-1.00167084494127,-1.00167084494127,0.0014552384727574,"Exchange/demand reactions","EX_sphmyln_hs[e]","MAR11281"
"955",4.00139537863342,1.99931192277376,3.77259433404154,1.07785981132123,"Transport reactions","HXAt3","MAR11292"
"956",3.6706929272322,2.03902788336099,2.89608888665725,1.15362357319587,"Exchange/demand reactions","EX_hxa[e]","MAR11293"
"957",0,0,0,0.00581637068161967,"Exchange/demand reactions","EX_HC00342[e]","MAR11350"
"958",0,0,0,0.000723585912486673,"Transport reactions","PGLYCtm","MAR11371"
"959",0,0,0,0,"Transport reactions","ADNCNT3tc","MAR11395"
"960",0,-1.00167084494127,-1.00167084494127,6.40591730751794e-05,"Transport reactions","BUTt2r","MAR11396"
"961",0,0,0,0,"Exchange/demand reactions","EX_fum[e]","MAR11400"
"962",0,0,0,0.0234226714119959,"Exchange/demand reactions","EX_mal_L[e]","MAR11404"
"963",0,0,0,0.00397819334615742,"Transport reactions","GALt2_2","MAR11410"
"964",0,0,0,0,"Transport reactions","INSt2","MAR11415"
"965",0,0,0,0,"Exchange/demand reactions","EX_glcur[e]","MAR11424"
"966",0,0,0,0,"Transport reactions","THMt3","MAR11433"
"967",0,-1.00167084494127,-1.00167084494127,0.000723585912486673,"Exchange/demand reactions","EX_phpyr[e]","MAR11438"
"968",0,0,0,0,"Transport reactions","PHPYRte","MAR11442"
"969",0,0,0,0.00789471773636355,"Propanoate metabolism","2M3OVCOAm","MAR11486"
"970",1.00167084494127,-1.00167084494127,0,0.00862079482128644,"Propanoate metabolism","2M3OVACm","MAR11487"
"971",-1.21566134770966,0.580172581238779,-1.00167084494127,0.0266963423047899,"Transport reactions","2M3OVACtm","MAR11488"
"972",0,0,0,0.00145380806748108,"Propanoate metabolism","2M3HVACc","MAR11489"
"973",0,1.00167084494127,1.00167084494127,0.0136154751457332,"Transport reactions","2M3HVACte","MAR11490"
"974",0,0,0,0,"Exchange/demand reactions","EX_2m3hvac[e]","MAR11491"
"975",0,0,0,0,"Transport reactions","PAIL_hs_t1e","MAR11649"
"976",3.08031777064545,-2.23697025723986,1.20788152719686,0.628039601047818,"Transport reactions","MLTHFte3","MAR11800"
"977",0,0,0,0,"Transport reactions","1A25DHVITD3te","MAR11815"
"978",-1.00167084494127,0.0392686640005414,-0.813904525988885,0.0492881854167673,"Transport reactions","13_CIS_RETNte","MAR11894"
"979",1.69110285227015,-0.843343732978777,0.329900496145173,0.0195291568397614,"Exchange/demand reactions","EX_13_cis_retn[e]","MAR11895"
"980",0,0,0,0,"Transport reactions","CE1617te","MAR11896"
"981",0,0,0,0,"Exchange/demand reactions","EX_CE1617[e]","MAR11897"
"982",0,0,0,0,"Exchange/demand reactions","EX_sphings[e]","MAR11947"
"983",2.15499628380258,-0.209067387389855,1.44730283852248,0.375766308619101,"Exchange/demand reactions","EX_mlthf[e]","MAR11953"
"984",1.5754055960738,1.0827361551554,1.54072031866798,0.191435613797184,"Transport reactions","SPHGNte","MAR11958"
"985",1.70303642201029,1.56378409014875,1.73082876438163,0.0420767815832955,"Exchange/demand reactions","EX_sphgn[e]","MAR11959"
"986",0,0,0,0,"Exchange/demand reactions","EX_1a25dhvitd3[e]","MAR11965"
"987",1.00167084494127,1.7405722032179,1.64794240790791,0.0150817915558994,"Transport reactions","FDPte","MAR11973"
"988",0,-0.097606923196659,-0.0578436612147459,0.00718521465747669,"Exchange/demand reactions","EX_fdp[e]","MAR11974"
"989",2.22776903341506,-0.802134909545056,0.805589578525096,0.0613343436987722,"Sphingolipid metabolism","CRMte","MAR12040"
"990",1.00167084494127,0.382245171096701,0.720834096377508,0.0288610669294694,"Exchange/demand reactions","EX_gluside_hs[e]","MAR12043"
"991",1.70104930403939,1.33888524501622,1.95890049186352,0.178303467773825,"Sphingolipid metabolism","NEU22","MAR12067"
"992",0.240229000477226,1.05564424661622,0.703009944030074,0.086754138614694,"Sphingolipid metabolism","NEU24","MAR12068"
"993",-1.00167084494127,0,-1.00167084494127,0.0100736051576152,"Transport reactions","SPHMYLNtl2","MAR12085"
"994",0,0,0,0,"Miscellaneous","EX_pail_hs[e]","MAR12127"
"995",0,0,0,0.00361354425280425,"Exchange/demand reactions","EX_h2co3[e]","MAR13066"
"996",-1.00167084494127,0,-1.00167084494127,0.00501328514259812,"Oxidative phosphorylation","CYOOm3i","MAR13081"
"997",0,0,0,0,"Transport reactions","HMR_10023",NA
"998",0,0,0,0,"Exchange/demand reactions","HMR_10024",NA
"999",1.99213877703844,0.34872052065532,1.24370933729639,0.281898444398837,"Exchange/demand reactions","HMR_10027",NA
"1000",0,0,0,0.000728493489037495,"Transport reactions","HMR_10046",NA
"1001",0,0,0,0.00360676592917741,"Exchange/demand reactions","HMR_10047",NA
"1002",0,0,0,0.00144717182497335,"Transport reactions","HMR_10049",NA
"1003",0,0,0,0,"Artificial reactions","HMR_10062",NA
"1004",0,0,0,0,"Artificial reactions","HMR_10063",NA
"1005",0,0,0,0,"Artificial reactions","HMR_10064",NA
"1006",0,0,0,0,"Artificial reactions","HMR_10065",NA
"1007",0,0,0,0,"Artificial reactions","biomass_human",NA
